,Time,Longitude,Latitude,Altitude,xTEME,yTEME,zTEME,xJ2000,yJ2000,zJ2000,xSunVect,ySunVect,zSunVect,xMoonVect,yMoonVect,zMoonVect,visFlag_Sun,visEl_Sun,visFlag_Moon,visEl_Moon,hMaxi,zMaxi,hMaxiFlag,zMaxiFlag,COR,gsElev_Lithuania,gsAzim_Lithuania,gsFlag_Lithuania,gsElev_Los Angeles,gsAzim_Los Angeles,gsFlag_Los Angeles,visFlag_Sco X-1,visEl_Sco X-1,angDistEarth_Sco X-1,angDistMoon_Sco X-1,angDistSun_Sco X-1,angDistFlagMoon_Sco X-1,angDistFlagSun_Sco X-1,angDistFlagEarth_Sco X-1,xTargVec_Sco X-1,yTargVec_Sco X-1,zTargVec_Sco X-1,obsFlag_Sco X-1,visFlag_Crab ,visEl_Crab ,angDistEarth_Crab ,angDistMoon_Crab ,angDistSun_Crab ,angDistFlagMoon_Crab ,angDistFlagSun_Crab ,angDistFlagEarth_Crab ,xTargVec_Crab ,yTargVec_Crab ,zTargVec_Crab ,obsFlag_Crab ,visFlag_Cyg X-1,visEl_Cyg X-1,angDistEarth_Cyg X-1,angDistMoon_Cyg X-1,angDistSun_Cyg X-1,angDistFlagMoon_Cyg X-1,angDistFlagSun_Cyg X-1,angDistFlagEarth_Cyg X-1,xTargVec_Cyg X-1,yTargVec_Cyg X-1,zTargVec_Cyg X-1,obsFlag_Cyg X-1,visFlag_Cir X-1,visEl_Cir X-1,angDistEarth_Cir X-1,angDistMoon_Cir X-1,angDistSun_Cir X-1,angDistFlagMoon_Cir X-1,angDistFlagSun_Cir X-1,angDistFlagEarth_Cir X-1,xTargVec_Cir X-1,yTargVec_Cir X-1,zTargVec_Cir X-1,obsFlag_Cir X-1,visFlag_Cen X-3,visEl_Cen X-3,angDistEarth_Cen X-3,angDistMoon_Cen X-3,angDistSun_Cen X-3,angDistFlagMoon_Cen X-3,angDistFlagSun_Cen X-3,angDistFlagEarth_Cen X-3,xTargVec_Cen X-3,yTargVec_Cen X-3,zTargVec_Cen X-3,obsFlag_Cen X-3,visFlag_Her X-1,visEl_Her X-1,angDistEarth_Her X-1,angDistMoon_Her X-1,angDistSun_Her X-1,angDistFlagMoon_Her X-1,angDistFlagSun_Her X-1,angDistFlagEarth_Her X-1,xTargVec_Her X-1,yTargVec_Her X-1,zTargVec_Her X-1,obsFlag_Her X-1,visFlag_Galactic Center,visEl_Galactic Center,angDistEarth_Galactic Center,angDistMoon_Galactic Center,angDistSun_Galactic Center,angDistFlagMoon_Galactic Center,angDistFlagSun_Galactic Center,angDistFlagEarth_Galactic Center,xTargVec_Galactic Center,yTargVec_Galactic Center,zTargVec_Galactic Center,obsFlag_Galactic Center,Orbit
0,2023-11-01 18:00:00,-80.86538174500838,-54.76647276323845,544.3789282575677,-2577.6213640502083,-3061.240000772422,-5631.080145198988,-2606.845589013589,-3047.652626690262,-5624.993812682157,-0.7766230767756322,-0.5779873241367057,-0.2505738409268632,0.03263429203100095,0.8812624040004098,0.47149928767608307,1.0,-0.5057063015562606,0.0,1.2481954454369446,100000.0,100000.0,1.0,1.0,5.68426113038544,-69.01382769609275,238.81440359767925,False,-45.4855263245165,159.30167045740907,False,0.0,1.257488345753766,2.431287372452074,2.7126300512547474,0.4773496173891083,True,False,False,-0.4072874092357702,-0.8726021494535285,-0.2695968379768136,False,2.0,-0.45178307121543404,0.7220159554828738,0.12608240868039414,2.355064855274234,False,True,False,0.1028056490018163,0.9213716554427069,0.3748403274463423,False,0.0,0.08372488457364091,1.2575239112719487,1.919002146601571,1.617946714452686,True,True,False,0.4035104532247952,-0.7105474617427943,0.5764560857074827,True,0.0,1.9209404631977094,3.094739489896017,2.4566494371834846,0.7656764228683804,True,True,False,-0.3472776558916579,-0.4163844002661017,-0.8402513082009656,True,0.0,1.4236933518497126,2.5974923785480204,1.932543849440515,0.9930027117327185,True,True,False,-0.48354546043372104,0.08254536769324598,-0.8714184126849326,True,0.0,0.35515145496848977,1.5289504816667976,2.011921188444126,1.0712564317383841,True,True,False,-0.2185602446617059,-0.7858830405352981,0.5784628475990573,True,0.0,1.3251637626026782,2.498962789300986,3.1144726466548844,0.838665867781468,True,True,False,-0.05466067680153435,-0.8728581697676963,-0.48490290356048166,True,0.0
1,2023-11-01 18:07:00,-113.84443821200401,-78.89456029334566,552.0547738596582,-1268.3280253159517,-428.75593630170994,-6778.653584757634,-1286.1830753575314,-422.22406594468185,-6775.698636981236,-0.7765696172955905,-0.5780477866546293,-0.25060005155040205,0.03154597881834815,0.8812733995403397,0.47155280349395134,1.0,-0.15190325723654885,0.0,0.8370999709300231,100000.0,100000.0,1.0,1.0,0.114943809134927,-75.76503381597142,195.91832394722096,False,-55.288794622934546,179.07694129814428,False,0.0,0.801897563395864,1.9752410140448886,2.7116232102762288,0.4772667843712959,True,False,False,-0.4072874092357702,-0.8726021494535285,-0.2695968379768136,False,2.0,-0.06150586208176789,1.1118375885672567,0.12673041257994494,2.3551496686943074,False,True,False,0.1028056490018163,0.9213716554427069,0.3748403274463423,False,2.0,-0.24227407783056765,0.9310693728184569,1.9194448578298196,1.6178972358469301,True,True,False,0.4035104532247952,-0.7105474617427943,0.5764560857074827,False,0.0,1.5506252108089773,2.723968661458002,2.4561304956402465,0.765635104733071,True,True,False,-0.3472776558916579,-0.4163844002661017,-0.8402513082009656,True,0.0,1.61860819085581,2.7919516415048347,1.9320301259511914,0.9930122626860074,True,True,False,-0.48354546043372104,0.08254536769324598,-0.8714184126849326,True,2.0,-0.10154503565465745,1.0717984149943671,2.0116334873443957,1.071232883618846,True,True,False,-0.2185602446617059,-0.7858830405352981,0.5784628475990573,False,0.0,0.9667237202532457,2.1400671709022703,3.113603697446333,0.8385817469371474,True,True,False,-0.05466067680153435,-0.8728581697676963,-0.48490290356048166,True,0.0
2,2023-11-01 18:14:00,128.13984539205475,-70.54823061675792,549.6383900999206,305.2880272288864,2293.157350450875,-6509.9480700911845,302.5318631359179,2291.272573215087,-6510.740342152979,-0.7765161520722322,-0.5781082451797094,-0.25062626044804415,0.030457782723792518,0.8812833474550155,0.4716057516295076,0.0,0.24576295368453382,0.0,0.40762358401401944,100000.0,100000.0,1.0,1.0,0.112842371150043,-71.6194931670388,145.83209927977225,False,-64.04650805219164,203.58097936466663,False,0.0,0.3439763653629011,1.517605282878943,2.7106161345993987,0.4771839517760085,True,False,False,-0.4072874092357702,-0.8726021494535285,-0.2695968379768136,False,0.0,0.35398100982525205,1.527609927341294,0.12738431601676456,2.3552344823472926,False,True,False,0.1028056490018163,0.9213716554427069,0.3748403274463423,False,2.0,-0.4680338545844992,0.7055950629315427,1.9198871461018965,1.617847756880755,True,True,False,0.4035104532247952,-0.7105474617427943,0.5764560857074827,False,0.0,1.0897699028657881,2.26339882038183,2.4556105057371997,0.765593792191817,True,True,False,-0.3472776558916579,-0.4163844002661017,-0.8402513082009656,True,0.0,1.37165625922825,2.545285176744292,1.931516126388313,0.9930218182970645,True,True,False,-0.48354546043372104,0.08254536769324598,-0.8714184126849326,True,2.0,-0.5561520570281063,0.6174768604879356,2.011345306417708,1.0712093390641695,True,True,False,-0.2185602446617059,-0.7858830405352981,0.5784628475990573,False,0.0,0.5630187811414114,1.7366476986574533,3.1127199006718067,0.8384976259655678,True,True,False,-0.05466067680153435,-0.8728581697676963,-0.48490290356048166,True,1.0
3,2023-11-01 18:21:00,112.16201136472523,-45.140961617699126,538.4029873537645,1815.0971988630247,4536.634045574949,-4880.0543148907545,1828.0218203006382,4526.726547124961,-4884.428265286841,-0.7764626811063867,-0.5781686997109189,-0.25065246761934556,0.029369705078835955,0.8812922481781376,0.4716581322575772,0.0,0.6507484133548933,2.0,-0.023275656328644256,3044.6062261510033,40.56842874862225,1.0,1.0,0.476910479952807,-60.894132678239984,121.73552634110632,False,-69.52339665097459,238.7977011358303,False,1.0,-0.11492213448562727,1.0597235572390948,2.7096088270571332,0.4771011196043584,True,False,False,-0.4072874092357702,-0.8726021494535285,-0.2695968379768136,False,0.0,0.7709063516220489,1.945552043346771,0.12804402465260326,2.355319296232407,False,True,False,0.1028056490018163,0.9213716554427069,0.3748403274463423,False,1.0,-0.47748550691626857,0.6971601848084535,1.9203290109490347,1.6177982775548512,True,True,False,0.4035104532247952,-0.7105474617427943,0.5764560857074827,False,0.0,0.627650403336228,1.8022960950609501,2.4550894705770325,0.7655524852460093,True,True,False,-0.3472776558916579,-0.4163844002661017,-0.8402513082009656,True,0.0,0.9695081266719858,2.144153818396708,1.9310018515893204,0.9930313785656856,True,True,False,-0.48354546043372104,0.08254536769324598,-0.8714184126849326,True,1.0,-0.9853459430469559,0.18929974867776625,2.0110566464224062,1.0711857980748993,True,True,False,-0.2185602446617059,-0.7858830405352981,0.5784628475990573,False,0.0,0.15001850342089762,1.3246641951456197,3.1118225956718577,0.8384135048675394,True,True,False,-0.05466067680153435,-0.8728581697676963,-0.48490290356048166,True,1.0
4,2023-11-01 18:28:00,105.41583015908759,-18.92998883167465,524.7691857024025,2944.7517748256046,5830.217215634529,-2226.261499627275,2970.6558388293356,5814.362076962617,-2233.3010703237164,-0.7764092043979348,-0.5782291502483025,-0.2506786730643276,0.028281746902547148,0.8813001021467737,0.4717099455684885,0.0,1.040458519006227,2.0,-0.4391749140432607,0.3443415580945515,0.2367481398068459,0.0,0.0,11.8965605547394,-48.37465266554679,108.71250770750142,False,-68.50510373993512,280.32523522630197,False,1.0,-0.572875148561139,0.6035641254230757,2.7086012901680014,0.4770182878559886,True,False,False,-0.4072874092357702,-0.8726021494535285,-0.2695968379768136,False,0.0,1.168738191952965,2.3451774659371796,0.12870944548027793,2.3554041103503724,False,True,False,0.1028056490018163,0.9213716554427069,0.3748403274463423,False,1.0,-0.2636583907737503,0.9127808832104644,1.9207704520290907,1.6177487978690326,True,True,False,0.4035104532247952,-0.7105474617427943,0.5764560857074827,False,0.0,0.16392237503293772,1.3403616490171524,2.4545673931084386,0.7655111838963055,True,True,False,-0.3472776558916579,-0.4163844002661017,-0.8402513082009656,True,0.0,0.5382656036883888,1.7147048776726035,1.9304873022433586,0.9930409434918352,True,True,False,-0.48354546043372104,0.08254536769324598,-0.8714184126849326,True,1.0,-0.8385834403133385,0.3378558336708761,2.010767508034042,1.0711622606511637,True,True,False,-0.2185602446617059,-0.7858830405352981,0.5784628475990573,False,1.0,-0.2517107323295057,0.924728541654709,3.1109129839169767,0.8383293836423807,True,True,False,-0.05466067680153435,-0.8728581697676963,-0.48490290356048166,False,1.0
5,2023-11-01 18:35:00,100.09556940598874,7.5186275050920734,515.848529656242,3454.9804955431464,5897.5710892605575,896.5280741623408,3488.4175539797816,5879.103441593388,888.3036378395653,-0.7763557219473277,-0.5782895967912609,-0.25070487678273146,0.027193909523710744,0.8813069097963021,0.471761191738054,0.0,1.364148489295927,2.0,-0.7720069817327275,0.1983244979065897,0.18312008093936508,0.0,0.0,21.4826383579935,-35.262713739333535,97.96063082646161,False,-61.43744459386938,311.6151882874509,False,1.0,-1.0056285373642195,0.17327519925700582,2.7075935267125484,0.47693545653142516,True,False,False,-0.4072874092357702,-0.8726021494535285,-0.2695968379768136,False,0.0,1.4807556426482207,2.659659379269446,0.1293804864587395,2.355488924701006,False,True,False,0.1028056490018163,0.9213716554427069,0.3748403274463423,False,0.0,0.05822993874422977,1.2371336753654552,1.9212114688739577,1.6176993178236398,True,True,False,0.4035104532247952,-0.7105474617427943,0.5764560857074827,True,1.0,-0.3014542070055133,0.8774495296157121,2.4540442764239483,0.7654698881438046,True,True,False,-0.3472776558916579,-0.4163844002661017,-0.8402513082009656,False,0.0,0.10123342487998377,1.2801371615012092,1.92997247918527,0.9930505130753772,True,True,False,-0.48354546043372104,0.08254536769324598,-0.8714184126849326,True,1.0,-0.3923452987288274,0.786558437892398,2.0104778920105004,1.0711387267933403,True,True,False,-0.2185602446617059,-0.7858830405352981,0.5784628475990573,False,1.0,-0.5954158137854082,0.5834879228358172,3.1099921441241625,0.8382452622903065,True,True,False,-0.05466067680153435,-0.8728581697676963,-0.48490290356048166,False,1.0
6,2023-11-01 18:42:00,94.27108611459391,33.951411934246536,514.5016890117298,3236.0383083635948,4720.317471056824,3829.319875573083,3269.9500748557857,4703.13486671872,3821.646333129051,-0.7763022337549662,-0.5783500393392517,-0.2507310787743235,0.026106194270897463,0.8813126715633496,0.47181187094281746,0.0,1.4570913231500797,2.0,-0.7370462153983162,0.35255444988488466,0.238139424182651,0.0,0.0,11.9218383071862,-21.952182969786513,84.02230575977009,False,-51.39676714607336,332.45623079219985,False,1.0,-0.8305555926422732,0.3510336415243984,2.706585539446763,0.47685262563111663,True,False,False,-0.4072874092357702,-0.8726021494535285,-0.2695968379768136,False,0.0,1.478170787019888,2.6597600211865595,0.13005705670914514,2.3555737392842047,False,True,False,0.1028056490018163,0.9213716554427069,0.3748403274463423,False,0.0,0.4154473551945641,1.5970365893612357,1.9216520610155028,1.617649837418967,True,True,False,0.4035104532247952,-0.7105474617427943,0.5764560857074827,True,1.0,-0.7678670569866011,0.4137221771800705,2.4535201236120443,0.7654285979895665,True,True,False,-0.3472776558916579,-0.4163844002661017,-0.8402513082009656,False,1.0,-0.3274514044206034,0.8541378297460682,1.9294573832493336,0.9930600873161831,True,True,False,-0.48354546043372104,0.08254536769324598,-0.8714184126849326,False,0.0,0.06399967394818007,1.2455889081148517,2.0101877991098958,1.0711151965017858,True,True,False,-0.2185602446617059,-0.7858830405352981,0.5784628475990573,True,1.0,-0.7108500855152847,0.4707391486513869,3.1090610452814564,0.8381611408114524,True,True,False,-0.05466067680153435,-0.8728581697676963,-0.48490290356048166,False,1.0
7,2023-11-01 18:49:00,84.4409022357165,60.028057447952484,517.8571828772009,2333.247428379071,2545.562800134025,5950.641798781326,2360.462458740439,2533.2962390189837,5945.140752222826,-0.7762487398211417,-0.5784104778918557,-0.25075727903892364,0.0250186021581311,0.881317387887041,0.4718619833743932,0.0,1.2213896815392387,2.0,-0.3827287209064508,100000.0,100000.0,1.0,1.0,0.765386164330289,-9.453143642422438,55.79327553705287,False,-40.10057914660242,348.82358877732685,False,1.0,-0.37997119750589803,0.8037594097357782,2.7055773308109523,0.4767697951553418,True,False,False,-0.4072874092357702,-0.8726021494535285,-0.2695968379768136,False,0.0,1.1602819660182444,2.3440125732599206,0.13073906672160743,2.3556585541000397,False,True,False,0.1028056490018163,0.9213716554427069,0.3748403274463423,False,0.0,0.7713943826778411,1.9551249899195173,1.9220922281127963,1.6176003566552075,True,True,False,0.4035104532247952,-0.7105474617427943,0.5764560857074827,True,1.0,-1.129799716867045,0.05393089037463122,2.4529949376051277,0.7653873134345668,True,True,False,-0.3472776558916579,-0.4163844002661017,-0.8402513082009656,False,1.0,-0.7070398936888483,0.4766907135528279,1.928942015120207,0.9930696662141447,True,True,False,-0.48354546043372104,0.08254536769324598,-0.8714184126849326,False,0.0,0.522987997138034,1.7067186043797102,2.0098972300065925,1.0710916697768083,True,True,False,-0.2185602446617059,-0.7858830405352981,0.5784628475990573,True,1.0,-0.474966211954005,0.7087643952876712,3.1081205583424905,0.8380770192057824,True,True,False,-0.05466067680153435,-0.8728581697676963,-0.48490290356048166,False,1.0
8,2023-11-01 18:56:00,25.09225823330029,82.0900308267308,520.4930209470825,937.5012880243276,-167.02877279487598,6811.408104742329,952.2619285642068,-171.78779033760478,6809.241797079537,-0.7761952401461824,-0.578470912448613,-0.2507834775763336,0.02393113451104233,0.8813210592056576,0.4719115292103298,0.0,0.8513417869238746,0.0,0.03792522776875429,100000.0,100000.0,1.0,1.0,0.111366697957436,-6.587734570963633,359.9438769439917,False,-28.278616468606696,5.335457214042229,False,0.0,0.07995795054019705,1.2645186436000917,2.7045689035102574,0.4766869651044379,True,False,False,-0.4072874092357702,-0.8726021494535285,-0.2695968379768136,False,0.0,0.7570047606593242,1.9415654537192188,0.13142642797293855,2.3557433691485232,False,True,False,0.1028056490018163,0.9213716554427069,0.3748403274463423,False,0.0,1.0863944307451976,2.2709551238050922,1.9225319696984415,1.617550875532588,True,True,False,0.4035104532247952,-0.7105474617427943,0.5764560857074827,True,1.0,-0.6681083707120602,0.5164523223478344,2.4524687214812637,0.7653460344798093,True,True,False,-0.3472776558916579,-0.4163844002661017,-0.8402513082009656,False,1.0,-0.8130031441145833,0.37155754894531134,1.9284263756294857,0.9930792497691471,True,True,False,-0.48354546043372104,0.08254536769324598,-0.8714184126849326,False,0.0,0.983130929221899,2.1676916222817937,2.00960618545815,1.0710681466187317,True,True,False,-0.2185602446617059,-0.7858830405352981,0.5784628475990573,True,1.0,-0.09835475958324835,1.0862059334766463,3.107171467486958,0.8379928974733182,True,True,False,-0.05466067680153435,-0.8728581697676963,-0.48490290356048166,False,1.0
9,2023-11-01 19:03:00,-69.55169995235738,65.03079832173434,519.3795170086981,-656.2159939388392,-2844.3763258674167,6229.9938554381315,-657.0356846927598,-2840.622965182254,6231.619759307682,-0.7761417347305586,-0.5785313430089027,-0.25080967438628543,0.0228437925498425,0.8813236859589544,0.47196050863357425,0.0,0.4485195181495083,0.0,0.47298063889181163,100000.0,100000.0,1.0,1.0,0.114637100728737,-17.716002400829424,322.72711976105967,False,-16.597516315284217,28.11314781274301,False,0.0,0.5426769516360899,1.7264114944769935,2.7035602601285067,0.47660413547896063,True,False,False,-0.4072874092357702,-0.8726021494535285,-0.2695968379768136,False,0.0,0.33631968583253946,1.520054228673443,0.13211905319116093,2.355828184429442,False,True,False,0.1028056490018163,0.9213716554427069,0.3748403274463423,False,0.0,1.2769013767648318,2.4606359196057355,1.9229712853475491,1.6175013940514669,True,True,False,0.4035104532247952,-0.7105474617427943,0.5764560857074827,True,2.0,-0.2024865212659167,0.9812480215749869,2.4519414782632816,0.7653047611264078,True,True,False,-0.3472776558916579,-0.4163844002661017,-0.8402513082009656,False,2.0,-0.5031450056442234,0.6805895371966802,1.9279104655582295,0.9930888379810497,True,True,False,-0.48354546043372104,0.08254536769324598,-0.8714184126849326,False,0.0,1.4408479591401329,2.6245825019810365,2.00931466619417,1.0710446270279428,True,True,False,-0.2185602446617059,-0.7858830405352981,0.5784628475990573,True,0.0,0.3133966151989602,1.4971311580398639,3.106214479330495,0.8379087756143042,True,True,False,-0.05466067680153435,-0.8728581697676963,-0.48490290356048166,True,1.0
10,2023-11-01 19:10:00,-81.53670801464361,39.129783382529595,516.4597523753935,-2111.34868943048,-4921.064094859387,4329.429571325886,-2127.5837621218097,-4909.5911263063435,4334.504331916904,-0.776088223574456,-0.5785917695724258,-0.2508358694686512,0.021756577596875975,0.8813252685874439,0.47200892182303195,0.0,0.04448745453240477,0.0,0.9064084809836395,12.489223006844366,1.308019413369791,1.0,0.0,2.60608500634978,-31.061071730344537,306.4564450806083,False,-8.151149867091886,69.38459927917165,False,0.0,1.005864190389612,2.1874124514429503,2.7025514033209475,0.47652130627902656,True,False,False,-0.4072874092357702,-0.8726021494535285,-0.2695968379768136,False,2.0,-0.08057442849359298,1.1009738325597453,0.1328168562285714,2.3559129999430364,False,True,False,0.1028056490018163,0.9213716554427069,0.3748403274463423,False,0.0,1.2294539095386412,2.4110021705919795,1.9234101745937913,1.6174519122119395,True,True,False,0.4035104532247952,-0.7105474617427943,0.5764560857074827,True,0.0,0.26418827508487275,1.445736536138211,2.451413211019198,0.7652634933752562,True,True,False,-0.3472776558916579,-0.4163844002661017,-0.8402513082009656,True,2.0,-0.08646416812401503,1.0950840929293233,1.9273942857353985,0.993098430849763,True,True,False,-0.48354546043372104,0.08254536769324598,-0.8714184126849326,False,0.0,1.8331126646636053,3.0146609257169437,2.009022672971818,1.0710211110047032,True,True,False,-0.2185602446617059,-0.7858830405352981,0.5784628475990573,True,0.0,0.7297759377765376,1.911324198829876,3.105250231610122,0.8378246536285384,True,True,False,-0.05466067680153435,-0.8728581697676963,-0.48490290356048166,True,1.0
11,2023-11-01 19:17:00,-87.71219544697495,12.745371806075678,516.89771986469,-3120.580905979982,-5958.449329064789,1511.980633281792,-3148.8084439471654,-5941.679832164033,1519.4325101521922,-0.7760347066781479,-0.5786521921387839,-0.25086206282325935,0.020669490661492124,0.8813258075329297,0.4720567689719361,1.0,-0.33544321110498554,0.0,1.3157955210820445,0.29787934424129725,0.2364221265537987,0.0,0.0,12.7439413836868,-44.42859523220513,296.1348844879565,False,-11.793961815690334,119.99494845734777,False,0.0,1.465097408293232,2.643867992412838,2.701542335429295,0.476438477504887,True,False,False,-0.4072874092357702,-0.8726021494535285,-0.2695968379768136,False,2.0,-0.4688862441132192,0.7098843400063867,0.1335197523314162,2.3559978156894044,False,True,False,0.1028056490018163,0.9213716554427069,0.3748403274463423,False,0.0,0.9805604428973476,2.1593310270169535,1.9238486370970063,1.6174024300141814,True,True,False,0.4035104532247952,-0.7105474617427943,0.5764560857074827,True,0.0,0.7307595316834472,1.909530115803053,2.4508839226603176,0.7652222312273166,True,True,False,-0.3472776558916579,-0.4163844002661017,-0.8402513082009656,True,0.0,0.34966790702230255,1.5284384911419084,1.9268778368406676,0.9931080283751815,True,True,False,-0.48354546043372104,0.08254536769324598,-0.8714184126849326,True,0.0,1.5225658773863435,2.7013364615059494,2.0087302064643486,1.070997598549313,True,True,False,-0.2185602446617059,-0.7858830405352981,0.5784628475990573,True,0.0,1.126743238475892,2.305513822595498,3.104279300358869,0.8377405315159553,True,True,False,-0.05466067680153435,-0.8728581697676963,-0.48490290356048166,True,1.0
12,2023-11-01 19:24:00,-92.99539973203058,-13.705210794276773,524.3466959216722,-3471.51561401697,-5738.813567977568,-1625.5467162094878,-3505.7831652078567,-5720.285157788358,-1617.2897211910004,-0.7759811840421599,-0.5787126107072942,-0.2508882544498156,0.019582533063323165,0.881325303237547,0.4721040502601833,1.0,-0.6234832053522291,0.0,1.5963004227239574,0.3232756718365082,0.6968683886018016,0.0,0.0,17.265454881097,-57.50600292807582,285.81531687801066,False,-23.088954513989446,148.8181093497347,False,0.0,1.849997733802927,3.026220921485889,2.7005330590603145,0.47635564915718565,True,False,False,-0.4072874092357702,-0.8726021494535285,-0.2695968379768136,False,2.0,-0.7339137550269204,0.44230943265604145,0.13422765774139764,2.356082631668247,False,True,False,0.1028056490018163,0.9213716554427069,0.3748403274463423,False,0.0,0.6461004835917241,1.822323671274686,1.924286672391499,1.6173529474586028,True,True,False,0.4035104532247952,-0.7105474617427943,0.5764560857074827,True,0.0,1.196147786189071,2.372370973872033,2.4503536162441417,0.7651809746837448,True,True,False,-0.3472776558916579,-0.4163844002661017,-0.8402513082009656,True,0.0,0.7859158149017142,1.962139002584676,1.9263611197004347,0.9931176305571542,True,True,False,-0.48354546043372104,0.08254536769324598,-0.8714184126849326,True,0.0,1.0720924925861768,2.2483156802691386,2.008437267428393,1.0709740896621827,True,True,False,-0.2185602446617059,-0.7858830405352981,0.5784628475990573,True,0.0,1.4395037144236396,2.6157269021066014,3.103302207139361,0.8376564092768869,True,True,False,-0.05466067680153435,-0.8728581697676963,-0.48490290356048166,True,1.0
13,2023-11-01 19:31:00,-99.22511475371579,-39.97253459332314,537.1246562194907,-3092.33638472002,-4312.0986908210025,-4420.707379348608,-3125.4352077393823,-4295.708160505035,-4413.38184724457,-0.7759276556667482,-0.5787730252775781,-0.25091444434815663,0.0184957060172958,0.8813237561444928,0.47215076587281357,1.0,-0.6354827217355797,0.0,1.454548143029555,5.283906479488815,0.8237151011589142,1.0,0.0,10.607427292014,-69.69597299564708,268.9213353110116,False,-35.6388504636886,165.01156549381463,False,0.0,1.5146163306343337,2.6890406099578135,2.699523576701054,0.47627282123614695,True,False,False,-0.4072874092357702,-0.8726021494535285,-0.2695968379768136,False,2.0,-0.6371979957770239,0.537226283546456,0.13494048996167954,2.3561674478796903,False,True,False,0.1028056490018163,0.9213716554427069,0.3748403274463423,False,0.0,0.28713227664644103,1.4615565559699208,1.9247242800536544,1.6173034645453632,True,True,False,0.4035104532247952,-0.7105474617427943,0.5764560857074827,True,0.0,1.6596182337589493,2.834042513082429,2.4498222947727566,0.7651397237454904,True,True,False,-0.3472776558916579,-0.4163844002661017,-0.8402513082009656,True,0.0,1.206441418976709,2.380865698300189,1.9258441350907758,0.9931272373955794,True,True,False,-0.48354546043372104,0.08254536769324598,-0.8714184126849326,True,0.0,0.6162007255907263,1.790625004914206,2.0081438565926093,1.0709505843436047,True,True,False,-0.2185602446617059,-0.7858830405352981,0.5784628475990573,True,0.0,1.466999954775419,2.6414242340988987,3.1023194245872303,0.8375722869112411,True,True,False,-0.05466067680153435,-0.8728581697676963,-0.48490290356048166,True,1.0
14,2023-11-01 19:38:00,-111.51430364440661,-65.65488981021062,548.7252176776685,-2065.5637157033293,-1982.1993771034502,-6288.120002383862,-2090.556966006581,-1971.3791462980048,-6283.260049608672,-0.7758741215523296,-0.578833435849076,-0.2509406325180413,0.017409010840907485,0.8813211666981341,0.4721969159909675,1.0,-0.3589023232031747,0.0,1.0764381241148109,100000.0,100000.0,1.0,1.0,0.925707039178614,-77.93825216168622,225.71181673344,False,-48.352127918499676,177.17691396678862,False,0.0,1.0627117564333783,2.236217690124783,2.698513890911581,0.4761899937422461,True,False,False,-0.4072874092357702,-0.8726021494535285,-0.2695968379768136,False,2.0,-0.29057080375404565,0.882935129937359,0.1356581676209616,2.356252264323607,False,True,False,0.1028056490018163,0.9213716554427069,0.3748403274463423,False,2.0,-0.062310684180147735,1.111195249511257,1.9251614596184334,1.6172539812747713,True,True,False,0.4035104532247952,-0.7105474617427943,0.5764560857074827,False,0.0,1.8131518855012874,2.986657819192692,2.4492899612939123,0.7650984784136253,True,True,False,-0.3472776558916579,-0.4163844002661017,-0.8402513082009656,True,0.0,1.5533880400101783,2.726893973701583,1.9253268838359565,0.9931368488903257,True,True,False,-0.48354546043372104,0.08254536769324598,-0.8714184126849326,True,0.0,0.1593569951758469,1.3328629288672516,2.0078499747135714,1.0709270825939416,True,True,False,-0.2185602446617059,-0.7858830405352981,0.5784628475990573,True,0.0,1.1819277734489462,2.355433707140351,3.1013313818245813,0.8374881644191783,True,True,False,-0.05466067680153435,-0.8728581697676963,-0.48490290356048166,True,1.0
15,2023-11-01 19:45:00,151.51030888870875,-81.94333533624234,552.3174662284948,-607.8195784406479,761.4145696697291,-6840.4581673604125,-619.4846844102899,764.4070021547071,-6839.0778197316085,-0.7758205816992517,-0.5788938424213058,-0.2509668189592622,0.016322448537698955,0.881317535342873,0.4722425008095926,0.0,0.01690600523970298,0.0,0.6541480273978322,100000.0,100000.0,1.0,1.0,0.107928619252087,-74.00398631837206,167.2174962701145,False,-60.92583653851623,189.79062051774156,False,0.0,0.6057459092490585,1.779128463453791,2.6975040039381577,0.4761071666758508,True,False,False,-0.4072874092357702,-0.8726021494535285,-0.2695968379768136,False,0.0,0.1153848531223498,1.2887674073270823,0.13638061074701155,2.35633708099998,False,True,False,0.1028056490018163,0.9213716554427069,0.3748403274463423,False,2.0,-0.3576951755823249,0.8156873786224076,1.9255982107468326,1.6172044976470719,True,True,False,0.4035104532247952,-0.7105474617427943,0.5764560857074827,False,0.0,1.3531853683767716,2.526567922581504,2.448756618696919,0.7650572386891691,True,True,False,-0.3472776558916579,-0.4163844002661017,-0.8402513082009656,True,0.0,1.5529795989580975,2.72636215316283,1.9248093666102104,0.9931464650412738,True,True,False,-0.48354546043372104,0.08254536769324598,-0.8714184126849326,True,2.0,-0.2969748777350074,0.8764076764697251,2.0075556224629887,1.0709035844135264,True,True,False,-0.2185602446617059,-0.7858830405352981,0.5784628475990573,False,0.0,0.7961961133745863,1.9695786675793188,3.100338468703437,0.8374040418007505,True,True,False,-0.05466067680153435,-0.8728581697676963,-0.48490290356048166,True,1.0
16,2023-11-01 19:52:00,94.88759863082325,-59.846999387935114,545.5781653464477,976.5297148483456,3346.328938059856,-5963.687010265225,980.6318510258235,3340.870406039401,-5966.073797725393,-0.7757670361076441,-0.5789542449940324,-0.2509930036717183,0.015236020422529048,0.8813128625246622,0.4722875205108328,0.0,0.41731373504168445,0.0,0.22257732504957306,100000.0,100000.0,1.0,1.0,0.205338523072784,-62.68579564405498,143.51565506175487,False,-72.7426184826543,210.08170612724945,False,0.0,0.1472319252839318,1.3212133167854245,2.696493918294478,0.47602434003699107,True,False,False,-0.4072874092357702,-0.8726021494535285,-0.2695968379768136,False,0.0,0.5337079352894585,1.7076893267909512,0.13710774035057072,2.3564218979091365,False,True,False,0.1028056490018163,0.9213716554427069,0.3748403274463423,False,1.0,-0.5046536849199897,0.669327706581503,1.92603453297439,1.6171550136623074,True,True,False,0.4035104532247952,-0.7105474617427943,0.5764560857074827,False,0.0,0.8918084879593289,2.0657898794608216,2.44822227001887,0.7650160045729735,True,True,False,-0.3472776558916579,-0.4163844002661017,-0.8402513082009656,True,0.0,1.2062568054172174,2.38023819691871,1.9242915842353085,0.9931560858483444,True,True,False,-0.48354546043372104,0.08254536769324598,-0.8714184126849326,True,1.0,-0.7482024352612268,0.42577895624026596,2.0072608005968635,1.0708800898025954,True,True,False,-0.2185602446617059,-0.7858830405352981,0.5784628475990573,False,0.0,0.3857052345427805,1.5596866260442732,3.0993410404631554,0.8373199190556664,True,True,False,-0.05466067680153435,-0.8728581697676963,-0.48490290356048166,True,2.0
17,2023-11-01 19:59:00,85.15261739782632,-33.942451724442364,532.349175873083,2356.7615204162053,5232.169178345699,-3838.3939702255957,2375.7800742926597,5219.400695513807,-3844.0490290495813,-0.775713484777961,-0.5790146435666537,-0.2510191866551501,0.014149727808816471,0.8813071486907142,0.4723319752775368,0.0,0.8158962571891886,2.0,-0.20486892807353996,6.590744064513984,0.6971032785499363,1.0,0.0,3.92470442045657,-49.71602865594588,132.5054000771677,False,-80.01257422711154,264.67803388226844,False,1.0,-0.31178482459202317,0.8635477619259315,2.695483636471475,0.47594151382620015,True,False,False,-0.4072874092357702,-0.8726021494535285,-0.2695968379768136,False,0.0,0.9461079762485323,2.121440562766487,0.1378394786257213,2.35650671505089,False,True,False,0.1028056490018163,0.9213716554427069,0.3748403274463423,False,1.0,-0.4073228640566814,0.7680097224612733,1.9264704258371854,1.6171055293208216,True,True,False,0.4035104532247952,-0.7105474617427943,0.5764560857074827,False,0.0,0.4290215723581374,1.6043541588760921,2.4476869182918586,0.7649747760661394,True,True,False,-0.3472776558916579,-0.4163844002661017,-0.8402513082009656,True,0.0,0.7865680374574358,1.9619006239753904,1.9237735375318206,0.9931657113113991,True,True,False,-0.48354546043372104,0.08254536769324598,-0.8714184126849326,True,1.0,-1.0443657036598393,0.13096688285811542,2.0069655098711374,1.0708565987615275,True,True,False,-0.2185602446617059,-0.7858830405352981,0.5784628475990573,False,1.0,-0.025575469869407952,1.1497571166485467,3.0983394210667443,0.8372357961841448,True,True,False,-0.05466067680153435,-0.8728581697676963,-0.48490290356048166,False,2.0
18,2023-11-01 20:06:00,79.34011273250829,-7.59609807624891,520.0196387621713,3242.468914713409,6020.340550012211,-906.2641917376385,3272.417576591252,6002.9413944260605,-914.0009278552471,-0.7756599277105843,-0.5790750381386496,-0.2510453679093333,0.013063571696197276,0.88130039428737,0.4723758653058651,0.0,1.183665571666901,2.0,-0.6014904778960494,0.23066328283125245,0.18513195542962826,0.0,0.0,17.9309116518394,-36.14275281690585,124.3146240072073,False,-73.8975696372201,324.7370917930283,False,1.0,-0.7668936878150776,0.41055202778016686,2.694473160646898,0.4758586880438989,True,False,False,-0.4072874092357702,-0.8726021494535285,-0.2695968379768136,False,0.0,1.3222257064273415,2.499671422022586,0.13857574915740392,2.356591532425169,False,True,False,0.1028056490018163,0.9213716554427069,0.3748403274463423,False,1.0,-0.13408753820190245,1.043358177393342,1.9269058889969417,1.6170560446228903,True,True,False,0.4035104532247952,-0.7105474617427943,0.5764560857074827,False,1.0,-0.03545248868761597,1.1419932269076285,2.4471505663886255,0.7649335531697132,True,True,False,-0.3472776558916579,-0.4163844002661017,-0.8402513082009656,False,0.0,0.35124197700818605,1.5286876926034305,1.9232552271700842,0.9931753414303126,True,True,False,-0.48354546043372104,0.08254536769324598,-0.8714184126849326,True,1.0,-0.6503462420324909,0.5270994735627536,2.0066697509564912,1.0708331112906704,True,True,False,-0.2185602446617059,-0.7858830405352981,0.5784628475990573,False,1.0,-0.41233013316090383,0.7651155824343406,3.0973339061156073,0.8371516731862912,True,True,False,-0.05466067680153435,-0.8728581697676963,-0.48490290356048166,False,2.0
19,2023-11-01 20:13:00,74.0172846228025,18.877130338336407,514.3589554643113,3444.991266452057,5540.146650910864,2216.899977052096,3479.560706745626,5521.7828055860455,2208.711678818486,-0.7756063649058418,-0.5791354287095615,-0.25107154743407023,0.01197755339577268,0.8812925997634121,0.4724191907796481,0.0,1.4333646693788598,2.0,-0.8211506363586583,0.2062233416471204,0.16928384253768747,0.0,0.0,18.513832476918,-22.061501724191395,114.25195134972434,False,-61.96064541723021,345.6985749985827,False,1.0,-1.0487806586757864,0.13130086290812545,2.6934624932670834,0.4757758626904247,True,False,False,-0.4072874092357702,-0.8726021494535285,-0.2695968379768136,False,0.0,1.5350853774652167,2.7151668990491284,0.1393164764943191,2.3566763500319876,False,True,False,0.1028056490018163,0.9213716554427069,0.3748403274463423,False,0.0,0.20884663666624248,1.3889281582501543,1.9273409219901878,1.6170065595687393,True,True,False,0.4035104532247952,-0.7105474617427943,0.5764560857074827,True,1.0,-0.5014083828375485,0.6786731387463633,2.4466132173306216,0.7648923358846995,True,True,False,-0.3472776558916579,-0.4163844002661017,-0.8402513082009656,False,1.0,-0.08432670470017989,1.0957548168837319,1.9227366539683326,0.99318497620497,True,True,False,-0.48354546043372104,0.08254536769324598,-0.8714184126849326,False,1.0,-0.19733607025324829,0.9827454513306635,2.0063735246083625,1.0708096273903471,True,True,False,-0.2185602446617059,-0.7858830405352981,0.5784628475990573,False,1.0,-0.6905216144339195,0.48955990714999237,3.0963247662667253,0.8370675500621262,True,True,False,-0.05466067680153435,-0.8728581697676963,-0.48490290356048166,False,2.0
20,2023-11-01 20:20:00,67.24323411341192,45.216988580962095,515.6537939283544,2919.853405304092,3889.7896452544383,4870.366842283217,2951.7386969332165,3874.339919739127,4863.456538997897,-0.7755527963640264,-0.5791958152789694,-0.25109772522918017,0.010891674112234953,0.88128376556797,0.4724619518875274,0.0,1.3755003289673768,2.0,-0.6018424484282722,0.6667091128651286,0.43634815078394457,0.0,0.0,3.83443046635668,-7.200635167543433,92.03703409298637,False,-48.83756353061567,356.0824172239244,False,1.0,-0.6399490314856144,0.5426848044355381,2.692451636658589,0.47569303776606187,True,False,False,-0.4072874092357702,-0.8726021494535285,-0.2695968379768136,False,0.0,1.3629197787653793,2.545553614686532,0.1400615864233015,2.356761167871414,False,True,False,0.1028056490018163,0.9213716554427069,0.3748403274463423,False,0.0,0.5695586372389343,1.7521924731600869,1.927775524395986,1.6169570741585626,True,True,False,0.4035104532247952,-0.7105474617427943,0.5764560857074827,True,1.0,-0.9677895715990501,0.21484426432210252,2.4460748740821376,0.7648511242120752,True,True,False,-0.3472776558916579,-0.4163844002661017,-0.8402513082009656,False,1.0,-0.5011377377028848,0.6814960982182677,1.9222178186934324,0.9931946156352613,True,True,False,-0.48354546043372104,0.08254536769324598,-0.8714184126849326,False,0.0,0.26046214149717484,1.4430959774183274,2.0060768315534108,1.0707861470608662,True,True,False,-0.2185602446617059,-0.7858830405352981,0.5784628475990573,True,1.0,-0.6419953498503217,0.5406384860708309,3.0953122493682685,0.8369834268116149,True,True,False,-0.05466067680153435,-0.8728581697676963,-0.48490290356048166,False,2.0
21,2023-11-01 20:27:00,50.9486511538463,70.8094079034717,519.3432411819595,1777.6657030873182,1417.398310909079,6491.806625849266,1800.1221217063253,1408.1275887365355,6487.634675708416,-0.7754992220855025,-0.5792561978463733,-0.2511239012944478,0.009805935050130938,0.8812738921509948,0.4725041488186419,0.0,1.066310344076955,2.0,-0.20593662721481976,100000.0,100000.0,1.0,1.0,0.151268523498576,0.14768102323261084,25.11955659122685,False,-35.12874562779531,3.675406215922636,False,1.0,-0.18333963698851719,1.0009462156435038,2.6914405931272185,0.4756102132712047,True,False,False,-0.4072874092357702,-0.8726021494535285,-0.2695968379768136,False,0.0,0.9918841903130833,2.1761700429451043,0.14081100589060344,2.356845985943406,False,True,False,0.1028056490018163,0.9213716554427069,0.3748403274463423,False,0.0,0.9145557008099967,2.0988415534420177,1.92820969579321,1.61690758839262,True,True,False,0.4035104532247952,-0.7105474617427943,0.5764560857074827,True,1.0,-0.9331841572136523,0.25110169541836874,2.445535539602661,0.7648099181528731,True,True,False,-0.3472776558916579,-0.4163844002661017,-0.8402513082009656,False,1.0,-0.8121654368392408,0.3721204157927802,1.9216987221116073,0.9932042597210646,True,True,False,-0.48354546043372104,0.08254536769324598,-0.8714184126849326,False,0.0,0.7201844901779861,1.9044703428100072,2.0057796725183095,1.070762670302567,True,True,False,-0.2185602446617059,-0.7858830405352981,0.5784628475990573,True,1.0,-0.3215315141129831,0.8627543385190379,3.0942965827962987,0.8368993034348352,True,True,False,-0.05466067680153435,-0.8728581697676963,-0.48490290356048166,False,2.0
22,2023-11-01 20:34:00,-68.50643382891757,78.50278433762954,520.4794739643829,259.99371385510324,-1354.4114385924172,6738.400068613848,268.2694263669459,-1355.5450825662192,6737.847699295649,-0.7754456420706874,-0.5793165764112138,-0.2511500756296314,0.00872033751560658,0.8812629799643752,0.472545781758681,0.0,0.6801687498063755,0.0,0.2235707140671246,100000.0,100000.0,1.0,1.0,0.110735363426251,-13.715042995857191,340.969014652403,False,-20.61459588935609,11.646576231064131,False,0.0,0.2781680770010404,1.462573508711298,2.6904293650530753,0.4755273892063298,True,False,False,-0.4072874092357702,-0.8726021494535285,-0.2695968379768136,False,0.0,0.5771679643144869,1.7615733960247446,0.14156466292287104,2.3569308042478347,False,True,False,0.1028056490018163,0.9213716554427069,0.3748403274463423,False,0.0,1.190880681690751,2.3752861134010086,1.9286434357199917,1.61685810227122,True,True,False,0.4035104532247952,-0.7105474617427943,0.5764560857074827,True,1.0,-0.4686574243083319,0.7157480074019258,2.4449952168974765,0.7647687177081668,True,True,False,-0.3472776558916579,-0.4163844002661017,-0.8402513082009656,False,1.0,-0.708283645450323,0.47612178625993473,1.9211793650370592,0.9932139084622482,True,True,False,-0.48354546043372104,0.08254536769324598,-0.8714184126849326,False,0.0,1.1801970882384234,2.364602519948681,2.0054820482577433,1.0707391971158122,True,True,False,-0.2185602446617059,-0.7858830405352981,0.5784628475990573,True,0.0,0.07632255112385167,1.2607279828341094,3.093277975541536,0.8368151799319474,True,True,False,-0.05466067680153435,-0.8728581697676963,-0.48490290356048166,True,2.0
23,2023-11-01 20:41:00,-99.99771808829196,54.034656535663515,518.0911514375251,-1312.574065173555,-3840.2443657874837,5558.337169370583,-1320.2353705710632,-3833.001694727792,5561.521024744634,-0.7753920563199459,-0.5793769509729904,-0.2511762482345153,0.007634882502037175,0.881251029457638,0.47258685090577107,0.0,0.2772790912911196,0.0,0.6596593834996514,100000.0,100000.0,1.0,1.0,0.395740767348377,-28.298396645481617,327.22429580099265,False,-3.417807475110489,27.218924154006913,False,0.0,0.7414562055100904,1.9243751574083188,2.6894179545047567,0.4754445655718324,True,False,False,-0.4072874092357702,-0.8726021494535285,-0.2695968379768136,False,0.0,0.15583766516078756,1.338756617059016,0.1423224869065573,2.357015622784656,False,True,False,0.1028056490018163,0.9213716554427069,0.3748403274463423,False,0.0,1.2892149977214962,2.4721339496197245,1.929076743839187,1.6168086157946226,True,True,False,0.4035104532247952,-0.7105474617427943,0.5764560857074827,True,2.0,-0.0024417404879475413,1.1804772114102808,2.4444539088113557,0.7647275228789892,True,True,False,-0.3472776558916579,-0.4163844002661017,-0.8402513082009656,False,2.0,-0.32948962154603467,0.8534293303521937,1.9206597481337504,0.9932235618586893,True,True,False,-0.48354546043372104,0.08254536769324598,-0.8714184126849326,False,0.0,1.6318588201644697,2.814777772062698,2.0051839594406986,1.0707157275009411,True,True,False,-0.2185602446617059,-0.7858830405352981,0.5784628475990573,True,0.0,0.4928371089390875,1.6757560608373159,3.092256619593375,0.8367310563030298,True,True,False,-0.05466067680153435,-0.8728581697676963,-0.48490290356048166,True,2.0
24,2023-11-01 20:48:00,-108.1907057072626,27.834495465657096,515.9565295993793,-2607.927213750296,-5515.035350981532,3201.207777426396,-2629.9148193242445,-5500.946109139992,3207.455443278358,-0.7753384648333367,-0.5794373215315479,-0.25120241910903335,0.0065495714175933546,0.8812380410855138,0.4726273564426967,1.0,-0.11718849271440157,0.0,1.087111003736871,1.1964752213084355,0.37206311280991716,0.0,0.0,6.83615450071473,-42.341064799695715,320.10205690882833,False,13.249217218350992,123.00866357069717,True,0.0,1.2039297168212513,2.384297887286428,2.6884063639173825,0.4753617423676351,True,False,False,-0.4072874092357702,-0.8726021494535285,-0.2695968379768136,False,2.0,-0.25358606698951136,0.9267821034756654,0.14308440807246772,2.3571004415543104,False,True,False,0.1028056490018163,0.9213716554427069,0.3748403274463423,False,0.0,1.140491802773664,2.3208599732388406,1.9295096196477841,1.6167591289628052,True,True,False,0.4035104532247952,-0.7105474617427943,0.5764560857074827,True,0.0,0.46434016578623494,1.6447083362514117,2.443911618390898,0.764686333666138,True,True,False,-0.3472776558916579,-0.4163844002661017,-0.8402513082009656,True,0.0,0.09931097501018749,1.2796791454753642,1.9201398722635468,0.9932332199103213,True,True,False,-0.48354546043372104,0.08254536769324598,-0.8714184126849326,True,0.0,1.7620748234333377,2.9424429938985144,2.004885406850054,1.0706922614581589,True,True,False,-0.2185602446617059,-0.7858830405352981,0.5784628475990573,True,0.0,0.9048772108180856,2.0852453812832623,3.0912326922041107,0.8366469325476799,True,True,False,-0.05466067680153435,-0.8728581697676963,-0.48490290356048166,True,2.0
25,2023-11-01 20:55:00,-113.729706451348,1.3895465597993568,519.21954223785,-3352.6634000434146,-6025.391518209843,166.22425589280476,-3384.3394009420153,-6007.430454781524,174.21665619906355,-0.7752848676113505,-0.5794976880862437,-0.25122858825290845,0.0054644052526921375,0.8812240152987815,0.472667298568377,1.0,-0.4674572520218454,0.0,1.466527806622054,0.2472511427153395,0.41218303190269034,0.0,0.0,18.0406059496134,-56.089811844972175,313.97151594905097,False,-10.365832600586657,171.67209438644355,False,0.0,1.6563571992153745,2.833957295614827,2.687394595317075,0.4752789195943286,True,False,False,-0.4072874092357702,-0.8726021494535285,-0.2695968379768136,False,2.0,-0.6105145646045288,0.5670855317949238,0.14385035806710839,2.357185260556554,False,True,False,0.1028056490018163,0.9213716554427069,0.3748403274463423,False,0.0,0.8437228706017745,2.021322967001227,1.929942062809277,1.616709641776144,True,True,False,0.4035104532247952,-0.7105474617427943,0.5764560857074827,True,0.0,0.9305188706883085,2.108118967087761,2.4433683484693045,0.764645150070743,True,True,False,-0.3472776558916579,-0.4163844002661017,-0.8402513082009656,True,0.0,0.5370486429375221,1.7146487393369747,1.9196197380876474,0.9932428826169986,True,True,False,-0.48354546043372104,0.08254536769324598,-0.8714184126849326,True,0.0,1.3311325850677644,2.508732681467217,2.0045863911539716,1.0706687989878612,True,True,False,-0.2185602446617059,-0.7858830405352981,0.5784628475990573,True,0.0,1.2796147183761788,2.4572148147756314,3.090206356517156,0.8365628086661738,True,True,False,-0.05466067680153435,-0.8728581697676963,-0.48490290356048166,True,2.0
26,2023-11-01 21:02:00,-119.17066057073332,-25.012581894697643,529.5061257920805,-3390.9079395198287,-5265.955422623753,-2904.2209755012436,-3425.5979331536414,-5247.907400288893,-2896.1680452020055,-0.7752312646546022,-0.5795580506362964,-0.2512547556658026,0.004379385308732844,0.8812089525527206,0.4727066774705587,1.0,-0.660388871423313,0.0,1.5915315410119981,0.48627175021886637,0.39965029962357307,0.0,0.0,13.6796644438127,-69.46464144195949,304.46749705169714,False,-26.26357456888805,181.00689265667967,False,0.0,1.758466676472385,2.933802904006301,2.6863826510003275,0.47519609725269557,True,False,False,-0.4072874092357702,-0.8726021494535285,-0.2695968379768136,False,2.0,-0.7445336188195513,0.4308026087143646,0.14462026943176481,2.357270079790947,False,True,False,0.1028056490018163,0.9213716554427069,0.3748403274463423,False,0.0,0.4936951418267088,1.6690313693606247,1.930374072862891,1.6166601542351295,True,True,False,0.4035104532247952,-0.7105474617427943,0.5764560857074827,True,0.0,1.3951669226393681,2.570503150173284,2.442824102030253,0.7646039720940302,True,True,False,-0.3472776558916579,-0.4163844002661017,-0.8402513082009656,True,0.0,0.969160300625683,2.144496528159599,1.919099346415606,0.9932525499785535,True,True,False,-0.48354546043372104,0.08254536769324598,-0.8714184126849326,True,0.0,0.8770226392519875,2.0523588667859034,2.0042869131062044,1.0706453400904956,True,True,False,-0.2185602446617059,-0.7858830405352981,0.5784628475990573,True,0.0,1.501735117104273,2.677071344638189,3.0891777635158335,0.8364786846589818,True,True,False,-0.05466067680153435,-0.8728581697676963,-0.48490290356048166,True,2.0
27,2023-11-01 21:09:00,-126.77146738231491,-51.111801527278914,542.7113816415631,-2717.2602422576756,-3400.8420810218818,-5363.792495741911,-2747.6779836534083,-3386.4960870114764,-5357.369688555039,-0.7751776559630258,-0.5796184091816913,-0.2512809213477108,0.003294512781984702,0.8811928533022362,0.472745493341389,1.0,-0.5303082421045259,0.0,1.3033879705537024,159.78416238160565,1.5515031744490466,1.0,0.0,3.4951495451636,-81.1280561501821,271.6155633906672,False,-40.71021803742713,185.40825609357765,False,0.0,1.3222774191157411,2.4961985645344975,2.6853705331464095,0.47511327534246556,True,False,False,-0.4072874092357702,-0.8726021494535285,-0.2695968379768136,False,2.0,-0.5030523715796215,0.6708687738391349,0.14539407588340564,2.357354899258128,False,True,False,0.1028056490018163,0.9213716554427069,0.3748403274463423,False,0.0,0.13465088748685683,1.3085720329056132,1.9308056493895978,1.616610666339624,True,True,False,0.4035104532247952,-0.7105474617427943,0.5764560857074827,True,0.0,1.8572093940537646,3.031130539472521,2.442278882000051,0.7645627997367008,True,True,False,-0.3472776558916579,-0.4163844002661017,-0.8402513082009656,True,0.0,1.3718471537816301,2.5457682992003865,1.9185786980060302,0.993262221994941,True,True,False,-0.48354546043372104,0.08254536769324598,-0.8714184126849326,True,0.0,0.42045659868336016,1.5943777441021165,2.0039869734316875,1.0706218847662132,True,True,False,-0.2185602446617059,-0.7858830405352981,0.5784628475990573,True,0.0,1.368329171549335,2.5422503169680915,3.0881470527608306,0.836394560525505,True,True,False,-0.05466067680153435,-0.8728581697676963,-0.48490290356048166,True,2.0
28,2023-11-01 21:16:00,-150.7024001529795,-75.92300634304331,551.522389214574,-1475.581016573147,-824.6450593370056,-6699.5866421365145,-1495.361241666865,-816.9999805269543,-6696.13663255201,-0.7751240415371116,-0.5796787637217865,-0.25130708529835616,0.0022097888665293616,0.8811757180030466,0.47278374637351983,1.0,-0.2003986087852183,0.0,0.8979050443092689,100000.0,100000.0,1.0,1.0,0.105044337297812,-79.1351711032604,182.7381861893882,False,-54.72603111794771,188.16067423375623,False,0.0,0.867104576726244,2.0404677883027738,2.684358243913528,0.4750304538642298,True,False,False,-0.4072874092357702,-0.8726021494535285,-0.2695968379768136,False,2.0,-0.11977695521306586,1.053586256363464,0.14617171223138595,2.357439718957853,False,True,False,0.1028056490018163,0.9213716554427069,0.3748403274463423,False,2.0,-0.1993231757059606,0.9740400358705692,1.9312367919710594,1.6165611780900033,True,True,False,0.4035104532247952,-0.7105474617427943,0.5764560857074827,False,0.0,1.6162465464620093,2.789609758038539,2.441732691298976,0.7645216329998852,True,True,False,-0.3472776558916579,-0.4163844002661017,-0.8402513082009656,True,0.0,1.6182853300519158,2.7916485416284456,1.9180577936158536,0.9932718986660158,True,True,False,-0.48354546043372104,0.08254536769324598,-0.8714184126849326,True,2.0,-0.03642106831072134,1.1369421432658084,2.0036865728548543,1.070598433015409,True,True,False,-0.2185602446617059,-0.7858830405352981,0.5784628475990573,False,0.0,1.0222692138372969,2.1956324254138266,3.0871143535000867,0.8363104362660191,True,True,False,-0.05466067680153435,-0.8728581697676963,-0.48490290356048166,True,2.0
29,2023-11-01 21:23:00,86.15009291586598,-73.91690716133536,550.5803053118359,73.67937639778502,1923.5450213209829,-6635.405060380989,68.66830696937919,1922.895697290936,-6635.647011464223,-0.7750704213772415,-0.5797391142560636,-0.25133324751751446,0.0011252147559127205,0.8811575471116807,0.4728214367600937,0.0,0.18682754864115947,0.0,0.4696365616635523,100000.0,100000.0,1.0,1.0,0.106936283385911,-66.7369435731161,159.83984751794634,False,-68.57714225279236,190.01805032186593,False,0.0,0.40926094650048817,1.5828184710494586,2.6833457854405616,0.47494763281841085,True,False,False,-0.4072874092357702,-0.8726021494535285,-0.2695968379768136,False,0.0,0.29450372765292987,1.4680612522019003,0.14695311436470423,2.3575245388900523,False,True,False,0.1028056490018163,0.9213716554427069,0.3748403274463423,False,2.0,-0.446897896813763,0.7266596277352074,1.9316675001889265,1.6165116894865426,True,True,False,0.4035104532247952,-0.7105474617427943,0.5764560857074827,False,0.0,1.1555136113826607,2.329071135931631,2.44118553284213,0.76448047188463,True,True,False,-0.3472776558916579,-0.4163844002661017,-0.8402513082009656,True,0.0,1.4230034239537945,2.596560948502765,1.9175366340011748,0.9932815799916527,True,True,False,-0.48354546043372104,0.08254536769324598,-0.8714184126849326,True,2.0,-0.4918139932594223,0.6817435312895481,2.0033857121000365,1.0705749848384287,True,True,False,-0.2185602446617059,-0.7858830405352981,0.5784628475990573,False,0.0,0.6213535888734114,1.7949111134223819,3.0860797855797455,0.8362263118806288,True,True,False,-0.05466067680153435,-0.8728581697676963,-0.48490290356048166,True,3.0
30,2023-11-01 21:30:00,65.96217197722807,-48.822165961228,540.2630392834787,1607.461198458348,4270.534885255719,-5184.19899075152,1618.2715092796964,4261.727277233284,-5188.082197338096,-0.7750167954836185,-0.5797994607842044,-0.2513594080050493,4.0791642407780464e-05,0.8811383410854825,0.47285856469473614,0.0,0.5859791124601281,0.0,0.038154144689352076,2649.7798243159996,46.33255381969121,1.0,1.0,1.08366934258938,-53.177177118293365,152.84977263861524,False,-82.37283458061304,190.90617552239235,False,1.0,-0.04969425184122156,1.124781983163609,2.682333159846596,0.4748648122051556,True,False,False,-0.4072874092357702,-0.8726021494535285,-0.2695968379768136,False,0.0,0.7126310588055977,1.8871072938104283,0.14773821924055971,2.357609359054937,False,True,False,0.1028056490018163,0.9213716554427069,0.3748403274463423,False,1.0,-0.4934871256279091,0.6809891093769215,1.932097773625164,1.6164622005293523,True,True,False,0.4035104532247952,-0.7105474617427943,0.5764560857074827,False,0.0,0.6935670508077574,1.868043285812588,2.4406374095390184,0.7644393163918441,True,True,False,-0.3472776558916579,-0.4163844002661017,-0.8402513082009656,True,0.0,1.0301680659272843,2.204644300932115,1.9170152199168724,0.9932912659717574,True,True,False,-0.48354546043372104,0.08254536769324598,-0.8714184126849326,True,1.0,-0.9318385418990488,0.2426376931057818,2.0030843918912957,1.0705515402355412,True,True,False,-0.2185602446617059,-0.7858830405352981,0.5784628475990573,False,0.0,0.2080446061844774,1.382520841189308,3.08504346026099,0.8361421873691571,True,True,False,-0.05466067680153435,-0.8728581697676963,-0.48490290356048166,True,3.0
31,2023-11-01 21:37:00,58.728744741704254,-22.669433486552382,526.4768552901454,2804.757696732647,5723.8704279294625,-2645.8915028461415,2829.1324226118227,5708.748261307852,-2652.6031297617164,-0.774963163856877,-0.5798598033054061,-0.25138556676061363,-0.0010434790759481821,0.8811181003865628,0.4728951303646433,0.0,0.9729971477887804,2.0,-0.3817614388824667,0.48823263840062037,0.2967831992025343,0.0,0.0,9.08908605112855,-39.17910738421431,149.00806826782048,False,-83.8243486514662,13.698414641262211,False,1.0,-0.508289514912283,0.6678757844639367,2.681320369424543,0.4747819920252767,True,False,False,-0.4072874092357702,-0.8726021494535285,-0.2695968379768136,False,0.0,1.1157325302401044,2.291897829616324,0.1485269647211711,2.3576941794520376,False,True,False,0.1028056490018163,0.9213716554427069,0.3748403274463423,False,1.0,-0.3049562437624418,0.8712090556137779,1.9325276117799945,1.616412711218941,True,True,False,0.4035104532247952,-0.7105474617427943,0.5764560857074827,False,0.0,0.23005778529444032,1.40622308467066,2.440088324398492,0.764398166522768,True,True,False,-0.3472776558916579,-0.4163844002661017,-0.8402513082009656,True,0.0,0.6010866268784656,1.7772519262546853,1.916493552216265,0.9933009566061587,True,True,False,-0.48354546043372104,0.08254536769324598,-0.8714184126849326,True,1.0,-0.8995908509222761,0.2765744484539437,2.002782613010071,1.0705280992072035,True,True,False,-0.2185602446617059,-0.7858830405352981,0.5784628475990573,False,1.0,-0.19739548569523502,0.9787698136809847,3.084005481154436,0.8360580627321053,True,True,False,-0.05466067680153435,-0.8728581697676963,-0.48490290356048166,False,3.0
32,2023-11-01 21:44:00,53.344023086445425,3.7618204941383273,516.5744050057076,3412.4077052817343,5974.037663370608,449.5595667392961,3445.2254907056818,5955.780107155044,441.4304959094117,-0.7749095264970762,-0.579920141819513,-0.25141172378414084,-0.002127596625484649,0.8810968254661203,0.4729311339784308,0.0,1.3035975871469545,2.0,-0.7374240578192413,0.20600671298881723,0.18399797462556655,0.0,0.0,19.1610766208505,-24.573827756649546,145.29696165511385,False,-69.97808902512499,13.50133859196025,False,1.0,-0.9525151247044769,0.22603855539280515,2.680307415865901,0.47469917227869957,True,False,False,-0.4072874092357702,-0.8726021494535285,-0.2695968379768136,False,0.0,1.450046686397,2.628600366494282,0.1493192901658261,2.3577790000817935,False,True,False,0.1028056490018163,0.9213716554427069,0.3748403274463423,False,0.0,0.00757472721538921,1.1861284073126712,1.9329570144009531,1.616363221555286,True,True,False,0.4035104532247952,-0.7105474617427943,0.5764560857074827,True,1.0,-0.23512630987027638,0.9434273702270056,2.4395382801081062,0.764357022278201,True,True,False,-0.3472776558916579,-0.4163844002661017,-0.8402513082009656,False,0.0,0.16415582860679656,1.3427095087040786,1.9159716314516162,0.9933106518947891,True,True,False,-0.48354546043372104,0.08254536769324598,-0.8714184126849326,True,1.0,-0.45740435552471137,0.7211493245725706,2.002480376064076,1.070504661753621,True,True,False,-0.2185602446617059,-0.7858830405352981,0.5784628475990573,False,1.0,-0.5559472665768107,0.6226064135204713,3.0829659440886483,0.8359739379690714,True,True,False,-0.05466067680153435,-0.8728581697676963,-0.48490290356048166,False,3.0
33,2023-11-01 21:51:00,47.707596093854214,30.21328435103838,514.2235571933943,3300.102707171546,4963.874152272207,3449.5941961818253,3334.438744466493,4946.333190909123,3441.762762496073,-0.774855883404706,-0.5799804763258846,-0.2514378790753546,-0.0032115596102718033,0.8810745167876753,0.47296657572415635,0.0,1.4399295588395582,2.0,-0.7718602528297944,0.28099178837711,0.20684790079258597,0.0,0.0,10.6308293478354,-8.049558467965156,137.50149048169712,False,-56.041611585903766,13.331046516583484,False,1.0,-0.8926410354114682,0.2886040729557992,2.6792943014253656,0.474616352966015,True,False,False,-0.4072874092357702,-0.8726021494535285,-0.2695968379768136,False,0.0,1.5066777815778003,2.687922889945068,0.15011513551132744,2.3578638209439635,False,True,False,0.1028056490018163,0.9213716554427069,0.3748403274463423,False,0.0,0.36267137549911044,1.543916483866378,1.9333859809886207,1.6163137315387621,True,True,False,0.4035104532247952,-0.7105474617427943,0.5764560857074827,True,1.0,-0.7014922702963311,0.4797528380709364,2.4389872796654664,0.7643158836592723,True,True,False,-0.3472776558916579,-0.4163844002661017,-0.8402513082009656,False,1.0,-0.26691559629543005,0.9143295120718374,1.9154494584739812,0.9933203518375028,True,True,False,-0.48354546043372104,0.08254536769324598,-0.8714184126849326,False,1.0,-0.001506358605311453,1.179738749761956,2.0021776818341888,1.0704812278751867,True,True,False,-0.2185602446617059,-0.7858830405352981,0.5784628475990573,False,1.0,-0.7204410468368734,0.46080406153039416,3.081924938902559,0.8358898130803291,True,True,False,-0.05466067680153435,-0.8728581697676963,-0.48490290356048166,False,3.0
34,2023-11-01 21:58:00,38.96137859992511,56.378513882842014,517.2620354949395,2490.436816309872,2904.7866641969504,5718.623610900348,2519.0307559854173,2891.6688944120256,5712.744719662765,-0.7748022345800418,-0.5800408068241222,-0.2514640326340832,-0.004295366843368057,0.8810511748117887,0.4730014557973874,0.0,1.2527893100908405,2.0,-0.4401668018008935,100000.0,100000.0,1.0,1.0,1.44917300593323,19.6462342670772,72.11014354488623,True,-41.931038845339394,12.427383780786327,False,1.0,-0.44529175510696806,0.7382148998660526,2.678281028144681,0.4745335340874817,True,False,False,-0.4072874092357702,-0.8726021494535285,-0.2695968379768136,False,0.0,1.2145427958218482,2.398049450794869,0.15091444186294634,2.3579486420386453,False,True,False,0.1028056490018163,0.9213716554427069,0.3748403274463423,False,0.0,0.7211823490776381,1.9046890040506588,1.9338145111263019,1.6162642411695467,True,True,False,0.4035104532247952,-0.7105474617427943,0.5764560857074827,True,1.0,-1.161844595415545,0.021662059557475716,2.438435325957392,0.7642747506669468,True,True,False,-0.3472776558916579,-0.4163844002661017,-0.8402513082009656,False,1.0,-0.6595547421451623,0.5239519128278584,1.9149270340332678,0.993330056434193,True,True,False,-0.48354546043372104,0.08254536769324598,-0.8714184126849326,False,0.0,0.45733163031513757,1.6408382852881582,2.0018745310432697,1.0704577975722018,True,True,False,-0.2185602446617059,-0.7858830405352981,0.5784628475990573,True,1.0,-0.5226090608593138,0.6608975941137069,3.080882549191553,0.8358056880658159,True,True,False,-0.05466067680153435,-0.8728581697676963,-0.48490290356048166,False,3.0
35,2023-11-01 22:05:00,-0.827436350975215,80.20093903900035,520.3161965182408,1154.5547699435936,231.91084236390546,6776.123363363885,1171.357344997064,225.98787451751065,6773.439206099929,-0.774748580023376,-0.580101133313808,-0.2514901844601459,-0.005379017139987501,0.8810267999997858,0.47303577439422595,0.0,0.9028170141225613,2.0,-0.023836767171736994,100000.0,100000.0,1.0,1.0,0.114246982055865,-6.138266430725619,350.43158374454913,False,-27.413929734274085,9.985997538649697,False,0.0,0.014175393885582421,1.198722062736671,2.677267598045973,0.47445071564338565,True,False,False,-0.4072874092357702,-0.8726021494535285,-0.2695968379768136,False,0.0,0.8163281623058476,2.000874831156936,0.1517171513312532,2.35803346336591,False,True,False,0.1028056490018163,0.9213716554427069,0.3748403274463423,False,0.0,1.0462205965844664,2.230767265435555,1.9342426043979355,1.6162147504478317,True,True,False,0.4035104532247952,-0.7105474617427943,0.5764560857074827,True,1.0,-0.734305614099772,0.4502410547513166,2.4378824218645896,0.7642336233022031,True,True,False,-0.3472776558916579,-0.4163844002661017,-0.8402513082009656,False,1.0,-0.8301359075286987,0.35441076132238997,1.9144043588777713,0.9933397656847501,True,True,False,-0.48354546043372104,0.08254536769324598,-0.8714184126849326,False,0.0,0.9175424818618627,2.1020891507129513,2.0015709244136097,1.0704343708449724,True,True,False,-0.2185602446617059,-0.7858830405352981,0.5784628475990573,True,1.0,-0.15539118150784792,1.0291554873432407,3.0798388529954064,0.8357215629254954,True,True,False,-0.05466067680153435,-0.8728581697676963,-0.48490290356048166,False,3.0
36,2023-11-01 22:12:00,-113.62932260609135,68.57915395484983,519.7630450490278,-425.1470403906995,-2489.9709174279437,6398.846320307652,-423.69310602223663,-2487.4483875684978,6399.923755434039,-0.7746949197351104,-0.5801614557944006,-0.25151633455331,-0.0064625093158479615,0.8810013928138047,0.47306953171122607,0.0,0.5091034388206062,0.0,0.41035760223001416,100000.0,100000.0,1.0,1.0,0.110426647809961,-23.074480845457284,342.5214267833449,False,-11.582932875155574,2.9600582099052004,False,0.0,0.47676869514734954,1.6607101154271586,2.6762540131335038,0.4743678976341819,True,False,False,-0.4072874092357702,-0.8726021494535285,-0.2695968379768136,False,0.0,0.3960894434165019,1.580030863696311,0.1525232070175817,2.3581182849256552,False,True,False,0.1028056490018163,0.9213716554427069,0.3748403274463423,False,0.0,1.2631106407916528,2.447052061071462,1.934670260387469,1.6161652593739115,True,True,False,0.4035104532247952,-0.7105474617427943,0.5764560857074827,True,2.0,-0.2688838780723055,0.9150575422075036,2.43732857026245,0.7641925015661031,True,True,False,-0.3472776558916579,-0.4163844002661017,-0.8402513082009656,False,2.0,-0.5585778596673898,0.6253635606124193,1.9138814337549466,0.993349479589044,True,True,False,-0.48354546043372104,0.08254536769324598,-0.8714184126849326,False,0.0,1.3763833571725286,2.5603247774523377,2.001266862667424,1.0704109476938544,True,True,False,-0.2185602446617059,-0.7858830405352981,0.5784628475990573,True,0.0,0.2543345390398051,1.4382759593196142,3.0787939232441466,0.8356374376595035,True,True,False,-0.05466067680153435,-0.8728581697676963,-0.48490290356048166,True,3.0
37,2023-11-01 22:19:00,-127.9231540591354,42.84925889185925,516.8394979499735,-1915.0649876081618,-4686.059445796748,4666.726022133798,-1929.2750926262559,-4675.6242437373685,4671.337530188134,-0.774641253715716,-0.5802217742652821,-0.2515424829133078,-0.007545842188041176,0.8809749537167679,0.4731027279454345,0.0,0.11013795851248553,0.0,0.8449642502721508,444.828658015264,2.7409143689651945,1.0,0.0,2.86529408674974,-37.829344901758766,340.3878474588385,False,11.24611062622186,322.0457698772452,True,0.0,0.9401890742912984,2.122088891765819,2.6752402753930475,0.4742850800604314,True,False,False,-0.4072874092357702,-0.8726021494535285,-0.2695968379768136,False,2.0,-0.02282191614126372,1.159077901333257,0.15333255300126314,2.3582031067176707,False,True,False,0.1028056490018163,0.9213716554427069,0.3748403274463423,False,0.0,1.2530806157193586,2.4349804331938794,1.9350974786791904,1.6161157679481424,True,True,False,0.4035104532247952,-0.7105474617427943,0.5764560857074827,True,0.0,0.19772364931341913,1.37962346678794,2.4367737740206015,0.7641513854597622,True,True,False,-0.3472776558916579,-0.4163844002661017,-0.8402513082009656,True,2.0,-0.1483722074963434,1.0335276099781774,1.9133582594110006,0.9933591981469324,True,True,False,-0.48354546043372104,0.08254536769324598,-0.8714184126849326,False,0.0,1.8007608883285668,2.9826607058030876,2.000962346526586,1.070387528119232,True,True,False,-0.2185602446617059,-0.7858830405352981,0.5784628475990573,True,0.0,0.6717273115096056,1.8536271289841264,3.077747828160355,0.8355533122680834,True,True,False,-0.05466067680153435,-0.8728581697676963,-0.48490290356048166,True,3.0
38,2023-11-01 22:26:00,-134.43530111162426,16.4978868329887,516.5008963994723,-3000.52865529271,-5892.465018196001,1946.2990915081818,-3027.407910723376,-5876.321101392706,1953.4707508522904,-0.7745875819653611,-0.5802820887261739,-0.2515686295400201,-0.008629014472175728,0.8809474831750594,0.47313536329127565,1.0,-0.2683855676601111,0.0,1.2605291425968395,0.3294462685095349,0.2716682166826397,0.0,0.0,14.479518038584,-52.01480733599012,339.727151688821,False,-2.589581893936659,223.84944098348595,False,0.0,1.4008081299422772,2.579956417166796,2.674226386888388,0.47420226292222956,True,False,False,-0.4072874092357702,-0.8726021494535285,-0.2695968379768136,False,2.0,-0.41852336056738715,0.7606249266571316,0.15414513424875356,2.358287928742224,False,True,False,0.1028056490018163,0.9213716554427069,0.3748403274463423,False,0.0,1.0250590553561827,2.2042073425807014,1.9355242588172605,1.616066276170603,True,True,False,0.4035104532247952,-0.7105474617427943,0.5764560857074827,True,0.0,0.6643877893710839,1.8435360765956026,2.4362180360556738,0.7641102749840633,True,True,False,-0.3472776558916579,-0.4163844002661017,-0.8402513082009656,True,0.0,0.2864968627393498,1.4656451499638685,1.9128348366405747,0.9933689213583274,True,True,False,-0.48354546043372104,0.08254536769324598,-0.8714184126849326,True,0.0,1.5858096870632903,2.764957974287809,2.000657376741657,1.0703641121213592,True,True,False,-0.2185602446617059,-0.7858830405352981,0.5784628475990573,True,0.0,1.0741150037179394,2.253263290942458,3.076700631725027,0.8354691867510041,True,True,False,-0.05466067680153435,-0.8728581697676963,-0.48490290356048166,True,3.0
39,2023-11-01 22:33:00,-139.7313185597621,-9.958439917058497,522.9138962688002,-3452.862824629346,-5855.467535582112,-1186.1503439486175,-3486.7423421646836,-5837.021405471742,-1177.931793625503,-0.7745339044841946,-0.5803423991768198,-0.2515947744333363,-0.009712025195165667,0.8809189816479122,0.47316743795300836,1.0,-0.5689425944468544,0.0,1.5758952290049624,0.25978903053222513,0.3664051796368852,0.0,0.0,18.6616921353005,-65.96945426576629,339.46199461518836,False,-20.2112828578634,208.96091207552166,False,0.0,1.8231766257027548,2.999704771392879,2.673212349375063,0.47411944621964136,True,False,False,-0.4072874092357702,-0.8726021494535285,-0.2695968379768136,False,2.0,-0.7148745759936439,0.46165356969648014,0.154960896910083,2.358372750999612,False,True,False,0.1028056490018163,0.9213716554427069,0.3748403274463423,False,0.0,0.6976536499247352,1.8741817956148592,1.9359506004682439,1.6160167840413528,True,True,False,0.4035104532247952,-0.7105474617427943,0.5764560857074827,True,0.0,1.129999443465714,2.306527589155838,2.4356613591194667,0.7640691701398754,True,True,False,-0.3472776558916579,-0.4163844002661017,-0.8402513082009656,True,0.0,0.7234441250034558,1.8999722706935798,1.9123111660873133,0.9933786492231456,True,True,False,-0.48354546043372104,0.08254536769324598,-0.8714184126849326,True,0.0,1.1372204742807528,2.3137486199708768,2.0003519539755272,1.0703406997004796,True,True,False,-0.2185602446617059,-0.7858830405352981,0.5784628475990573,True,0.0,1.4078674599156786,2.5843956056058026,3.075652393611703,0.8353850611080049,True,True,False,-0.05466067680153435,-0.8728581697676963,-0.48490290356048166,True,3.0
40,2023-11-01 22:40:00,-145.6841564644584,-36.2670439147849,535.2407966545506,-3178.6323803098876,-4586.229479210916,-4068.7436171942018,-3212.3819188725683,-4569.36262784408,-4061.207559986201,-0.7744802212729948,-0.580402705616256,-0.25162091759284005,-0.010794872970580103,0.8808894496060616,0.47319895212297225,1.0,-0.6314967791805561,0.0,1.4985083857818713,0.8419625544650049,0.33278679360368163,0.0,0.0,7.19200230233053,-79.79971615099151,337.9634112584122,False,-34.97350142898521,202.79342870610503,False,0.0,1.5781736652052263,2.752786201999246,2.672198164978944,0.4740366299537035,True,False,False,-0.4072874092357702,-0.8726021494535285,-0.2695968379768136,False,2.0,-0.6752508686822514,0.49936166811176846,0.15577978776072735,2.358457573489139,False,True,False,0.1028056490018163,0.9213716554427069,0.3748403274463423,False,0.0,0.33959518013837275,1.5142077169323926,1.936376503135734,1.615967291561033,True,True,False,0.4035104532247952,-0.7105474617427943,0.5764560857074827,True,0.0,1.5938083007061692,2.768420837500189,2.4351037461709213,0.7640280709285489,True,True,False,-0.3472776558916579,-0.4163844002661017,-0.8402513082009656,True,0.0,1.1477313087187648,2.3223438455127847,1.9117872485940657,0.993388381741188,True,True,False,-0.48354546043372104,0.08254536769324598,-0.8714184126849326,True,0.0,0.6815115382651642,1.856124075059184,2.00004607900762,1.0703172908571132,True,True,False,-0.2185602446617059,-0.7858830405352981,0.5784628475990573,True,0.0,1.489419914532063,2.664032451326083,3.074603170190952,0.8353009353398112,True,True,False,-0.05466067680153435,-0.8728581697676963,-0.48490290356048166,True,3.0
41,2023-11-01 22:47:00,-156.24890828812875,-62.08971245043526,547.4506778879787,-2238.3346990210775,-2355.821603375264,-6096.972329025851,-2264.8773271378072,-2344.068339016682,-6091.697921280194,-0.7744265323318754,-0.5804630080442656,-0.2516470590184382,-0.011877556829357218,0.8808588875098925,0.4732299060061609,1.0,-0.3954401878989988,0.0,1.135058553623255,100000.0,100000.0,1.0,1.0,0.37750074473361,-86.31802668836761,174.19942374903223,False,-48.91790786779153,197.20378480572936,False,0.0,1.1277692706526514,2.301350395271616,2.6711838354186224,0.4739538141244264,True,False,False,-0.4072874092357702,-0.8726021494535285,-0.2695968379768136,False,2.0,-0.34620376210236625,0.8273773625165984,0.1566017548135881,2.3585423962111585,False,True,False,0.1028056490018163,0.9213716554427069,0.3748403274463423,False,2.0,-0.013726889536954223,1.1598542350820105,1.9368019664874014,1.615917798729671,True,True,False,0.4035104532247952,-0.7105474617427943,0.5764560857074827,False,0.0,1.8783001717311218,3.0518812963500865,2.4345451999490826,0.7639869773509252,True,True,False,-0.3472776558916579,-0.4163844002661017,-0.8402513082009656,True,0.0,1.514359680890413,2.6879408055093776,1.9112630848011838,0.9933981189123771,True,True,False,-0.48354546043372104,0.08254536769324598,-0.8714184126849326,True,0.0,0.2246036743216029,1.3981847989405676,1.9997397524996456,1.070293885591488,True,True,False,-0.2185602446617059,-0.7858830405352981,0.5784628475990573,True,0.0,1.232682467073004,2.406263591691969,3.073553014003296,0.8352168094461061,True,True,False,-0.05466067680153435,-0.8728581697676963,-0.48490290356048166,True,3.0
42,2023-11-01 22:54:00,131.7300181322181,-82.49430939302303,552.4318269468969,-830.8273447833673,366.46224700054984,-6849.621028338078,-844.6152305564337,370.64874894531033,-6847.709218375824,-0.7743728376612007,-0.5805233064603512,-0.2516731987099157,-0.012960075491034518,0.8808272958290178,0.47326029979896556,1.0,-0.03622088158840597,0.0,0.715719031717986,100000.0,100000.0,1.0,1.0,0.107247530320464,-72.59116345600549,166.85565294535917,False,-62.29311639457441,188.84514985719204,False,0.0,0.670994605198624,1.8443568959187044,2.6701693626880405,0.4738709987322084,True,False,False,-0.4072874092357702,-0.8726021494535285,-0.2695968379768136,False,0.0,0.05622439954120706,1.2295866902612875,0.1574267467549827,2.358627219165629,False,True,False,0.1028056490018163,0.9213716554427069,0.3748403274463423,False,2.0,-0.32170522760563636,0.8516570631144441,1.9372269900681776,1.6158683055475245,True,True,False,0.4035104532247952,-0.7105474617427943,0.5764560857074827,False,0.0,1.4188452916458854,2.592207582365966,2.4339857233482025,0.7639458894080388,True,True,False,-0.3472776558916579,-0.4163844002661017,-0.8402513082009656,True,0.0,1.5841815080795425,2.757543798799623,1.9107386754991322,0.9934078607365897,True,True,False,-0.48354546043372104,0.08254536769324598,-0.8714184126849326,True,2.0,-0.2320480075434621,0.9413142831766184,1.9994329752012376,1.070270483903943,True,True,False,-0.2185602446617059,-0.7858830405352981,0.5784628475990573,False,0.0,0.8535026722501122,2.0268649629701927,3.072501974717943,0.8351326834269658,True,True,False,-0.05466067680153435,-0.8728581697676963,-0.48490290356048166,True,3.0
43,2023-11-01 23:01:00,49.79992850295049,-63.438684672447756,547.0284106481342,749.7694641069227,3012.386426328152,-6171.301462876779,751.6178584211011,3008.1341031552183,-6173.150560416992,-0.774319137261372,-0.5805836008639726,-0.2516993366670395,-0.014042427781481837,0.8807946750310274,0.473290133701294,0.0,0.35599325280093597,0.0,0.2845487771892068,100000.0,100000.0,1.0,1.0,0.350182892797953,-58.76242666093695,167.58379673879057,False,-74.48300610537845,169.25285859373847,False,0.0,0.21250917074797893,1.38637812097539,2.669154748665494,0.47378818377750437,True,False,False,-0.4072874092357702,-0.8726021494535285,-0.2695968379768136,False,0.0,0.47444098858744543,1.6483099388148565,0.15825471324644222,2.3587120423524492,False,True,False,0.1028056490018163,0.9213716554427069,0.3748403274463423,False,1.0,-0.4987530088817893,0.6751159413456218,1.9376515734646835,1.6158188120148864,True,True,False,0.4035104532247952,-0.7105474617427943,0.5764560857074827,False,0.0,0.9576041345223976,2.1314730847498087,2.4334253192026254,0.7639048071009513,True,True,False,-0.3472776558916579,-0.4163844002661017,-0.8402513082009656,True,0.0,1.2633915672989091,2.4372605175263202,1.910214021426321,0.9934176072136957,True,True,False,-0.48354546043372104,0.08254536769324598,-0.8714184126849326,True,1.0,-0.6851088685821174,0.48876008164529366,1.9991257478320992,1.0702470857948323,True,True,False,-0.2185602446617059,-0.7858830405352981,0.5784628475990573,False,0.0,0.44422590424568265,1.6180948544730938,3.0714500989593105,0.8350485572825246,True,True,False,-0.05466067680153435,-0.8728581697676963,-0.48490290356048166,True,4.0
44,2023-11-01 23:08:00,38.64748016290645,-37.65468411334302,534.279669367763,2173.6905460196735,5029.284495667859,-4201.561088355462,2190.7956480827065,5017.481982227465,-4206.7847300735075,-0.7742654311326468,-0.580643891254752,-0.25172547288964675,-0.015124612527001964,0.8807610255842953,0.4733194079135235,0.0,0.7499044858888189,2.0,-0.14446214532214596,31.647783909992086,1.2362932368923585,1.0,0.0,3.60172711515829,-44.77954778520799,169.38387169682133,False,-80.19828340207651,106.58989434582627,False,1.0,-0.2466875434678778,0.928429991178627,2.668139995212951,0.4737053692605482,True,False,False,-0.4072874092357702,-0.8726021494535285,-0.2695968379768136,False,0.0,0.8892763654939493,2.064393900140454,0.15908560483108505,2.3587968657717466,False,True,False,0.1028056490018163,0.9213716554427069,0.3748403274463423,False,1.0,-0.43671711884505326,0.7384004158014515,1.9380757162634974,1.6157693181319173,True,True,False,0.4035104532247952,-0.7105474617427943,0.5764560857074827,False,0.0,0.4950155850964717,1.6701331197429765,2.432863990341314,0.763863730430615,True,True,False,-0.3472776558916579,-0.4163844002661017,-0.8402513082009656,True,0.0,0.8484926964135509,2.0236102310600557,1.9096891233203883,0.9934273583435909,True,True,False,-0.48354546043372104,0.08254536769324598,-0.8714184126849326,True,1.0,-1.0558736216175206,0.1192439130289842,1.9988180711118237,1.0702236912644476,True,True,False,-0.2185602446617059,-0.7858830405352981,0.5784628475990573,False,0.0,0.03147382052209036,1.2065913551685952,3.070397430621164,0.8349644310126909,True,True,False,-0.05466067680153435,-0.8728581697676963,-0.48490290356048166,True,4.0
45,2023-11-01 23:15:00,32.59667848441672,-11.34628893787957,521.3671051257011,3141.772518801765,5991.730259134881,-1349.1576222281758,3170.5520863301276,5974.852674621161,-1356.6603925822178,-0.7742117192752822,-0.5807041776323113,-0.25175160737757485,-0.01620662845183201,0.8807263479613273,0.47334812263378334,0.0,1.1174818797698887,2.0,-0.5492110287803014,0.3105740347318203,0.19331145576032865,0.0,0.0,11.8457762738596,-30.433244580259117,172.13240194432464,False,-71.86683906217205,56.196088113503514,False,1.0,-0.703496506308002,0.4736360698278369,2.6671251042723996,0.4736225551815727,True,False,False,-0.4072874092357702,-0.8726021494535285,-0.2695968379768136,False,0.0,1.274892800951978,2.452025377087817,0.15991937284075694,2.358881689423649,False,True,False,0.1028056490018163,0.9213716554427069,0.3748403274463423,False,1.0,-0.18071077142365966,0.9964218047121792,1.9384994180110648,1.6157198238987764,True,True,False,0.4035104532247952,-0.7105474617427943,0.5764560857074827,False,0.0,0.030760521345943648,1.2078930974817825,2.432301739641128,0.763822659397981,True,True,False,-0.3472776558916579,-0.4163844002661017,-0.8402513082009656,True,0.0,0.41429367887665647,1.5914262550124953,1.909163981967941,0.9934371141261709,True,True,False,-0.48354546043372104,0.08254536769324598,-0.8714184126849326,True,1.0,-0.7144265603676658,0.46270601576817305,1.9985099457891318,1.0702003003130804,True,True,False,-0.2185602446617059,-0.7858830405352981,0.5784628475990573,False,1.0,-0.361946953435319,0.8151856227005199,3.0693440111603265,0.8348803046173732,True,True,False,-0.05466067680153435,-0.8728581697676963,-0.48490290356048166,False,4.0
46,2023-11-01 23:22:00,27.306852966328783,15.124498497452315,514.6038591811265,3448.2030514030575,5692.455951980251,1787.6710227127608,3482.597535446835,5674.057689210994,1779.4691839218146,-0.7741580016897511,-0.5807644599960312,-0.25177774013055537,-0.017288474592771146,0.8806906426253759,0.4733762780688925,0.0,1.3858363880137774,2.0,-0.8155685741506873,0.21402919657286468,0.17881041695493902,0.0,0.0,18.5633933830951,-14.985285414199776,176.91908850091497,False,-59.3994723338575,39.48029037263587,False,1.0,-1.0693375652960746,0.11038388728760769,2.666110077477083,0.47353974154114437,True,False,False,-0.4072874092357702,-0.8726021494535285,-0.2695968379768136,False,0.0,1.5280627037756775,2.70778415635936,0.16075596970214653,2.3589665133079416,False,True,False,0.1028056490018163,0.9213716554427069,0.3748403274463423,False,0.0,0.15666458135526606,1.3363860339389484,1.9389226783760323,1.6156703293158217,True,True,False,0.4035104532247952,-0.7105474617427943,0.5764560857074827,True,1.0,-0.4350451760390963,0.744676276544586,2.431738569811246,0.7637815940041676,True,True,False,-0.3472776558916579,-0.4163844002661017,-0.8402513082009656,False,1.0,-0.021989657931742235,1.15773179465194,1.9086385980032792,0.9934468745612934,True,True,False,-0.48354546043372104,0.08254536769324598,-0.8714184126849326,False,1.0,-0.26265424733939835,0.917067205244284,1.9982013725237584,1.0701769129411163,True,True,False,-0.2185602446617059,-0.7858830405352981,0.5784628475990573,False,1.0,-0.6672123206668268,0.5125091319168555,3.068289879370749,0.8347961780968175,True,True,False,-0.05466067680153435,-0.8728581697676963,-0.48490290356048166,False,4.0
47,2023-11-01 23:29:00,20.923923839519095,41.50269392108093,515.1331375614827,3026.433537984765,4191.085290100163,4545.75059737935,3059.17688959983,4175.051696248958,4538.581776407873,-0.7741042783763653,-0.5808247383454727,-0.2518038711483998,-0.018370149676352695,0.8806539100503854,0.47340387441785475,0.0,1.3821921996572422,2.0,-0.6513038539087367,0.4249306498660705,0.3422646949658433,0.0,0.0,6.39059797466555,7.551627736696096,194.14072163207382,False,-46.2285595738075,29.50534723443758,False,1.0,-0.7044426711209353,0.4778851372096932,2.665094916735855,0.4734569283395808,True,False,False,-0.4072874092357702,-0.8726021494535285,-0.2695968379768136,False,0.0,1.4075464885332436,2.589874296863872,0.16159534844323828,2.359051337424667,False,True,False,0.1028056490018163,0.9213716554427069,0.3748403274463423,False,0.0,0.5172584436862702,1.6995862520168987,1.9393454969053352,1.6156208343832639,True,True,False,0.4035104532247952,-0.7105474617427943,0.5764560857074827,True,1.0,-0.9015568756571068,0.28077093267352177,2.431174483716816,0.7637405342501672,True,True,False,-0.3472776558916579,-0.4163844002661017,-0.8402513082009656,False,1.0,-0.44363551908382626,0.7386922892468023,1.9081129722107035,0.9934566396488435,True,True,False,-0.48354546043372104,0.08254536769324598,-0.8714184126849326,False,0.0,0.19488350105943342,1.377211309390062,1.9978923520637868,1.0701535291488704,True,True,False,-0.2185602446617059,-0.7858830405352981,0.5784628475990573,True,1.0,-0.67361281983924,0.5087149884913885,3.067235072153185,0.8347120514510171,True,True,False,-0.05466067680153435,-0.8728581697676963,-0.48490290356048166,False,4.0
48,2023-11-01 23:36:00,7.555302068818844,67.3098054383002,518.8599382035987,1965.061721262257,1803.9728150003843,6340.527670440355,1989.227983030951,1793.6923208699718,6335.906925877445,-0.7740505493354712,-0.5808850126801582,-0.25183000043090126,-0.019451652535078374,0.8806161507077523,0.47343091188294373,0.0,1.1075582829979453,2.0,-0.26596283226626904,100000.0,100000.0,1.0,1.0,0.225300520653368,5.2791840642663495,333.259538114276,False,-32.891000478845285,19.39575776383058,False,1.0,-0.248918040100357,0.9352273676116722,2.6640796238429707,0.4733741155772534,True,False,False,-0.4072874092357702,-0.8726021494535285,-0.2695968379768136,False,0.0,1.049340047098949,2.233485454810978,0.1624374630002158,2.359136161773811,False,True,False,0.1028056490018163,0.9213716554427069,0.3748403274463423,False,0.0,0.8673148059862326,2.051460213698262,1.9397678731872345,1.615571339101344,True,True,False,0.4035104532247952,-0.7105474617427943,0.5764560857074827,True,1.0,-0.9991444250390628,0.18500098267296647,2.430609484162737,0.7636994801370013,True,True,False,-0.3472776558916579,-0.4163844002661017,-0.8402513082009656,False,1.0,-0.7838618704136777,0.40028353729835153,1.907587105322521,0.9934664093887015,True,True,False,-0.48354546043372104,0.08254536769324598,-0.8714184126849326,False,0.0,0.6545235717076339,1.8386689794196631,1.997582885127171,1.0701301489366726,True,True,False,-0.2185602446617059,-0.7858830405352981,0.5784628475990573,True,1.0,-0.3748963439813823,0.809249063730647,3.0661796242601347,0.8346279246800204,True,True,False,-0.05466067680153435,-0.8728581697676963,-0.48490290356048166,False,4.0
49,2023-11-01 23:43:00,-99.88083013769717,81.01260617080897,520.5699621166859,488.58382164390923,-964.2472142001079,6792.369176469539,499.05971498439493,-966.6030377900601,6791.272624318991,-0.7739968145673265,-0.5809452829997096,-0.25185612797789725,-0.020532982001909887,0.8805773650696707,0.47345739066685316,0.0,0.7356187229022435,0.0,0.16120686016659524,100000.0,100000.0,1.0,1.0,0.112025925783552,-15.894161095335795,348.7784851072836,False,-19.68130923935853,3.835660394675905,False,0.0,0.2123065817298906,1.396797668836672,2.6630642005772085,0.47329130325439683,True,False,False,-0.4072874092357702,-0.8726021494535285,-0.2695968379768136,False,0.0,0.6370168909406639,1.8215079780474452,0.16328226812278987,2.359220986355501,False,True,False,0.1028056490018163,0.9213716554427069,0.3748403274463423,False,0.0,1.1593785936906822,2.3438696807974635,1.9401898068100096,1.6155218434702228,True,True,False,0.4035104532247952,-0.7105474617427943,0.5764560857074827,True,1.0,-0.5349399491890657,0.6495511379177156,2.430043573948404,0.763658431665622,True,True,False,-0.3472776558916579,-0.4163844002661017,-0.8402513082009656,False,1.0,-0.7501243380451595,0.43436674906162176,1.907060998070216,0.9934761837807624,True,True,False,-0.48354546043372104,0.08254536769324598,-0.8714184126849326,False,0.0,1.1148300848340438,2.299321171940825,1.9972729724317853,1.0701067723048148,True,True,False,-0.2185602446617059,-0.7858830405352981,0.5784628475990573,True,0.0,0.017935293357332682,1.202426380464114,3.0651235685366633,0.834543797783736,True,True,False,-0.05466067680153435,-0.8728581697676963,-0.48490290356048166,True,4.0
50,2023-11-01 23:50:00,-145.68752981136655,57.69755331196703,518.5694319446563,-1091.0609396330883,-3528.8806343727492,5806.125378241748,-1096.4964084487467,-3522.81446591805,5808.784577027571,-0.7739430740724769,-0.5810055493034261,-0.2518822537890845,-0.021614136807740998,0.8805375536129345,0.47348331097030744,0.0,0.339925713876704,0.0,0.5972622082006904,100000.0,100000.0,1.0,1.0,0.728589150523541,-31.089047090923355,354.78449222934034,False,-8.342630077372377,330.3799076124407,False,0.0,0.6755943680491823,1.8587959937029677,2.6620486487983426,0.47320849137168997,True,False,False,-0.4072874092357702,-0.8726021494535285,-0.2695968379768136,False,0.0,0.21509367110350097,1.3982952967572864,0.16412971928032397,2.3593058111694085,False,True,False,0.1028056490018163,0.9213716554427069,0.3748403274463423,False,0.0,1.2919913359764517,2.475192961630237,1.940611297321964,1.6154723474903245,True,True,False,0.4035104532247952,-0.7105474617427943,0.5764560857074827,True,2.0,-0.06887191518225833,1.114329710471527,2.4294767559215336,0.7636173888372018,True,True,False,-0.3472776558916579,-0.4163844002661017,-0.8402513082009656,False,2.0,-0.3889114491216068,0.7942901765321786,1.9065346512344226,0.9934859628248699,True,True,False,-0.48354546043372104,0.08254536769324598,-0.8714184126849326,False,0.0,1.5697736429647333,2.7529752686185187,1.9969626147248296,1.0700833992537135,True,True,False,-0.2185602446617059,-0.7858830405352981,0.5784628475990573,True,0.0,0.4338449922912666,1.617046617945052,3.0640669361478783,0.8344596707625234,True,True,False,-0.05466067680153435,-0.8728581697676963,-0.48490290356048166,True,4.0
51,2023-11-01 23:57:00,-154.78779470078908,31.57305592600266,516.0820221258226,-2440.282354030962,-5348.263086557555,3590.4028407844175,-2460.4889114031002,-5335.05615428798,3596.2562035928777,-0.7738893278510353,-0.581065811591092,-0.2519083778643702,-0.022695115995846147,0.8804967168035773,0.4735086730019379,1.0,-0.050713914096374824,0.0,1.027252441688203,1.2779234539158149,0.3312212964663018,0.0,0.0,8.90546430656517,-45.21358838213599,0.05756576562788782,False,-8.865878505310791,275.73599883059666,False,0.0,1.1385786196691632,2.31932438541139,2.661032970057979,0.4731256799291452,True,False,False,-0.4072874092357702,-0.8726021494535285,-0.2695968379768136,False,2.0,-0.19786649647903143,0.9828792692631952,0.16497977297365776,2.359390636215889,False,True,False,0.1028056490018163,0.9213716554427069,0.3748403274463423,False,0.0,1.1754970864351757,2.3562428521774024,1.9410323443929687,1.6154228511616762,True,True,False,0.4035104532247952,-0.7105474617427943,0.5764560857074827,True,0.0,0.39791140702418004,1.5786571727664067,2.42890903276077,0.7635763516525834,True,True,False,-0.3472776558916579,-0.4163844002661017,-0.8402513082009656,True,0.0,0.03657786987467815,1.2173236356169048,1.9060080654431193,0.9934957465209457,True,True,False,-0.48354546043372104,0.08254536769324598,-0.8714184126849326,True,0.0,1.8106110453473272,2.991356811089554,1.996651812663814,1.0700600297835976,True,True,False,-0.2185602446617059,-0.7858830405352981,0.5784628475990573,True,0.0,0.8483205972351782,2.029066362977405,3.0630097562911143,0.8343755436160649,True,True,False,-0.05466067680153435,-0.8728581697676963,-0.48490290356048166,True,4.0
52,2023-11-02 00:04:00,-160.48494935690925,5.1428284591858375,518.3608546514643,-3274.2302562956475,-6038.315395392424,614.3815760066075,-3304.9460967407595,-6020.756451609276,622.1931539805709,-0.773835575903583,-0.581126069861967,-0.2519345002034344,-0.023775918299440636,0.8804548551198138,0.4735334769633147,1.0,-0.4031457301947837,0.0,1.4192850184367005,0.2555877940726482,0.3426809523771577,0.0,0.0,18.9623865060284,-58.87977913293435,6.611899044012018,False,-20.333853411317623,243.36466184928057,False,0.0,1.5946062225623177,2.7725618901441376,2.6600171661844056,0.4730428689274963,True,False,False,-0.4072874092357702,-0.8726021494535285,-0.2695968379768136,False,2.0,-0.5682947042375386,0.6096609633442813,0.16583238623396343,2.3594754614945597,False,True,False,0.1028056490018163,0.9213716554427069,0.3748403274463423,False,0.0,0.8923195127640762,2.070275180345896,1.941452947571848,1.6153733544847355,True,True,False,0.4035104532247952,-0.7105474617427943,0.5764560857074827,True,0.0,0.8642452788711017,2.0422009464529216,2.428340407301956,0.7635353201129665,True,True,False,-0.3472776558916579,-0.4163844002661017,-0.8402513082009656,True,0.0,0.47397506274210377,1.6519307303239237,1.9054812414746163,0.9935055348688271,True,True,False,-0.48354546043372104,0.08254536769324598,-0.8714184126849326,True,0.0,1.3957452437862123,2.5737009113680323,1.9963405669952825,1.070036663894899,True,True,False,-0.2185602446617059,-0.7858830405352981,0.5784628475990573,True,0.0,1.2326044696804201,2.41056013726224,3.061952056912538,0.8342914163447758,True,True,False,-0.05466067680153435,-0.8728581697676963,-0.48490290356048166,True,4.0
